faction_id;faction_name ;party_ids;parliament_id;seats;faction_start;faction_end
NL_NT-TK_1946__NL_KVP_NT;KVP;NL_KVP_NT;NL_NT-TK_1946;32;05jun1946;27jul1948
NL_NT-TK_1946__NL_PvdA_NT;PVDA;NL_PvdA_NT;NL_NT-TK_1946;29;05jun1946;27jul1948
NL_NT-TK_1946__NL_ARP_NT;ARP;NL_ARP_NT;NL_NT-TK_1946;13;05jun1946;27jul1948
NL_NT-TK_1946__NL_CPN_NT;CPN;NL_CPN_NT;NL_NT-TK_1946;10;05jun1946;27jul1948
NL_NT-TK_1946__NL_CHU_NT;CHU;NL_CHU_NT;NL_NT-TK_1946;8;05jun1946;27jul1948
NL_NT-TK_1946__NL_PvdV_NT;PVDV;NL_PvdV_NT;NL_NT-TK_1946;6;05jun1946;27jul1948
NL_NT-TK_1946__NL_SGP_NT;SGP;NL_SGP_NT;NL_NT-TK_1946;2;05jun1946;27jul1948
NL_NT-TK_1948__NL_KVP_NT;KVP;NL_KVP_NT;NL_NT-TK_1948;32;28jul1948;15jul1952
NL_NT-TK_1948__NL_PvdA_NT;PVDA;NL_PvdA_NT;NL_NT-TK_1948;27;28jul1948;15jul1952
NL_NT-TK_1948__NL_ARP_NT;ARP;NL_ARP_NT;NL_NT-TK_1948;13;28jul1948;15jul1952
NL_NT-TK_1948__NL_CPN_NT;CPN;NL_CPN_NT;NL_NT-TK_1948;8;28jul1948;15jul1952
NL_NT-TK_1948__NL_CHU_NT;CHU;NL_CHU_NT;NL_NT-TK_1948;9;28jul1948;15jul1952
NL_NT-TK_1948__NL_SGP_NT;SGP;NL_SGP_NT;NL_NT-TK_1948;2;28jul1948;15jul1952
NL_NT-TK_1948__NL_VVD_NT;VVD;NL_VVD_NT;NL_NT-TK_1948;8;28jul1948;15jul1952
NL_NT-TK_1948__NL_WELT_NT;WELTER;NL_WELT_NT;NL_NT-TK_1948;1;28jul1948;15jul1952
NL_NT-TK_1952__NL_KVP_NT;KVP;NL_KVP_NT;NL_NT-TK_1952;30;16jul1952;03jul1956
NL_NT-TK_1952__NL_PvdA_NT;PVDA;NL_PvdA_NT;NL_NT-TK_1952;30;16jul1952;03jul1956
NL_NT-TK_1952__NL_ARP_NT;ARP;NL_ARP_NT;NL_NT-TK_1952;12;16jul1952;03jul1956
NL_NT-TK_1952__NL_CPN_NT;CPN;NL_CPN_NT;NL_NT-TK_1952;6;16jul1952;03jul1956
NL_NT-TK_1952__NL_CHU_NT;CHU;NL_CHU_NT;NL_NT-TK_1952;9;16jul1952;03jul1956
NL_NT-TK_1952__NL_SGP_NT;SGP;NL_SGP_NT;NL_NT-TK_1952;2;16jul1952;03jul1956
NL_NT-TK_1952__NL_VVD_NT;VVD;NL_VVD_NT;NL_NT-TK_1952;9;16jul1952;03jul1956
NL_NT-TK_1952__NL_KNP_NT;KNP;NL_KNP_NT;NL_NT-TK_1952;2;16jul1952;03jul1956
NL_NT-TK_1956__NL_KVP_NT;KVP;NL_KVP_NT;NL_NT-TK_1956;33;04jul1956;20mar1959
NL_NT-TK_1956__NL_PvdA_NT;PVDA;NL_PvdA_NT;NL_NT-TK_1956;34;04jul1956;20mar1959
NL_NT-TK_1956__NL_ARP_NT;ARP;NL_ARP_NT;NL_NT-TK_1956;10;04jul1956;20mar1959
NL_NT-TK_1956__NL_CPN_NT;CPN;NL_CPN_NT;NL_NT-TK_1956;4;04jul1956;20mar1959
NL_NT-TK_1956__NL_CHU_NT;CHU;NL_CHU_NT;NL_NT-TK_1956;8;04jul1956;20mar1959
NL_NT-TK_1956__NL_SGP_NT;SGP;NL_SGP_NT;NL_NT-TK_1956;2;04jul1956;20mar1959
NL_NT-TK_1956__NL_VVD_NT;VVD;NL_VVD_NT;NL_NT-TK_1956;9;04jul1956;20mar1959
NL_NT-TK_1959__NL_KVP_NT;KVP;NL_KVP_NT;NL_NT-TK_1959;49;21mar1959;05jun1963
NL_NT-TK_1959__NL_PvdA_NT;PVDA;NL_PvdA_NT;NL_NT-TK_1959;48;21mar1959;05jun1963
NL_NT-TK_1959__NL_ARP_NT;ARP;NL_ARP_NT;NL_NT-TK_1959;14;21mar1959;05jun1963
NL_NT-TK_1959__NL_CPN_NT;CPN;NL_CPN_NT;NL_NT-TK_1959;3;21mar1959;05jun1963
NL_NT-TK_1959__NL_CHU_NT;CHU;NL_CHU_NT;NL_NT-TK_1959;12;21mar1959;05jun1963
NL_NT-TK_1959__NL_SGP_NT;SGP;NL_SGP_NT;NL_NT-TK_1959;3;21mar1959;05jun1963
NL_NT-TK_1959__NL_VVD_NT;VVD;NL_VVD_NT;NL_NT-TK_1959;19;21mar1959;05jun1963
NL_NT-TK_1959__NL_PSP_NT;PSP;NL_PSP_NT;NL_NT-TK_1959;2;21mar1959;05jun1963
NL_NT-TK_1963__NL_KVP_NT;KVP;NL_KVP_NT;NL_NT-TK_1963;50;06jun1963;23feb1967
NL_NT-TK_1963__NL_PvdA_NT;PVDA;NL_PvdA_NT;NL_NT-TK_1963;43;06jun1963;23feb1967
NL_NT-TK_1963__NL_ARP_NT;ARP;NL_ARP_NT;NL_NT-TK_1963;13;06jun1963;23feb1967
NL_NT-TK_1963__NL_CPN_NT;CPN;NL_CPN_NT;NL_NT-TK_1963;4;06jun1963;23feb1967
NL_NT-TK_1963__NL_CHU_NT;CHU;NL_CHU_NT;NL_NT-TK_1963;13;06jun1963;23feb1967
NL_NT-TK_1963__NL_SGP_NT;SGP;NL_SGP_NT;NL_NT-TK_1963;3;06jun1963;23feb1967
NL_NT-TK_1963__NL_VVD_NT;VVD;NL_VVD_NT;NL_NT-TK_1963;16;06jun1963;23feb1967
NL_NT-TK_1963__NL_PSP_NT;PSP;NL_PSP_NT;NL_NT-TK_1963;4;06jun1963;23feb1967
NL_NT-TK_1963__NL_Bp_NT;BOERENPARTIJ;NL_Bp_NT;NL_NT-TK_1963;3;06jun1963;23feb1967
NL_NT-TK_1963__NL_GPV_NT;GPV;NL_GPV_NT;NL_NT-TK_1963;1;06jun1963;23feb1967
NL_NT-TK_1967__NL_KVP_NT;KVP;NL_KVP_NT;NL_NT-TK_1967;42;24feb1967;11may1971
NL_NT-TK_1967__NL_PvdA_NT;PVDA;NL_PvdA_NT;NL_NT-TK_1967;37;24feb1967;11may1971
NL_NT-TK_1967__NL_ARP_NT;ARP;NL_ARP_NT;NL_NT-TK_1967;15;24feb1967;11may1971
NL_NT-TK_1967__NL_CPN_NT;CPN;NL_CPN_NT;NL_NT-TK_1967;5;24feb1967;11may1971
NL_NT-TK_1967__NL_CHU_NT;CHU;NL_CHU_NT;NL_NT-TK_1967;12;24feb1967;11may1971
NL_NT-TK_1967__NL_SGP_NT;SGP;NL_SGP_NT;NL_NT-TK_1967;3;24feb1967;11may1971
NL_NT-TK_1967__NL_VVD_NT;VVD;NL_VVD_NT;NL_NT-TK_1967;17;24feb1967;11may1971
NL_NT-TK_1967__NL_PSP_NT;PSP;NL_PSP_NT;NL_NT-TK_1967;4;24feb1967;11may1971
NL_NT-TK_1967__NL_Bp_NT;BOERENPARTIJ;NL_Bp_NT;NL_NT-TK_1967;7;24feb1967;11may1971
NL_NT-TK_1967__NL_GPV_NT;GPV;NL_GPV_NT;NL_NT-TK_1967;1;24feb1967;11may1971
NL_NT-TK_1967__NL_D66_NT;D66;NL_D66_NT;NL_NT-TK_1967;7;24feb1967;11may1971
NL_NT-TK_1972__NL_KVP_NT;KVP;NL_KVP_NT;NL_NT-TK_1972;27;08dec1972;08jun1977
NL_NT-TK_1972__NL_PvdA_NT;PVDA;NL_PvdA_NT;NL_NT-TK_1972;43;08dec1972;08jun1977
NL_NT-TK_1972__NL_ARP_NT;ARP;NL_ARP_NT;NL_NT-TK_1972;14;08dec1972;08jun1977
NL_NT-TK_1972__NL_CPN_NT;CPN;NL_CPN_NT;NL_NT-TK_1972;7;08dec1972;08jun1977
NL_NT-TK_1972__NL_CHU_NT;CHU;NL_CHU_NT;NL_NT-TK_1972;7;08dec1972;08jun1977
NL_NT-TK_1972__NL_SGP_NT;SGP;NL_SGP_NT;NL_NT-TK_1972;3;08dec1972;08jun1977
NL_NT-TK_1972__NL_VVD_NT;VVD;NL_VVD_NT;NL_NT-TK_1972;22;08dec1972;08jun1977
NL_NT-TK_1972__NL_PSP_NT;PSP;NL_PSP_NT;NL_NT-TK_1972;2;08dec1972;08jun1977
NL_NT-TK_1972__NL_Bp_NT;BOERENPARTIJ;NL_Bp_NT;NL_NT-TK_1972;3;08dec1972;08jun1977
NL_NT-TK_1972__NL_GPV_NT;GPV;NL_GPV_NT;NL_NT-TK_1972;2;08dec1972;08jun1977
NL_NT-TK_1972__NL_D66_NT;D66;NL_D66_NT;NL_NT-TK_1972;6;08dec1972;08jun1977
NL_NT-TK_1972__NL_DS70_NT;DS70;NL_DS70_NT;NL_NT-TK_1972;6;08dec1972;08jun1977
NL_NT-TK_1972__NL_PPR_NT;PPR;NL_PPR_NT;NL_NT-TK_1972;7;08dec1972;08jun1977
NL_NT-TK_1972__NL_RKPN_NT;RKPN;NL_RKPN_NT;NL_NT-TK_1972;1;08dec1972;08jun1977
NL_NT-TK_1977__NL_PvdA_NT;PVDA;NL_PvdA_NT;NL_NT-TK_1977;53;09jun1977;10jun1981
NL_NT-TK_1977__NL_CPN_NT;CPN;NL_CPN_NT;NL_NT-TK_1977;2;09jun1977;10jun1981
NL_NT-TK_1977__NL_SGP_NT;SGP;NL_SGP_NT;NL_NT-TK_1977;3;09jun1977;10jun1981
NL_NT-TK_1977__NL_VVD_NT;VVD;NL_VVD_NT;NL_NT-TK_1977;28;09jun1977;10jun1981
NL_NT-TK_1977__NL_PSP_NT;PSP;NL_PSP_NT;NL_NT-TK_1977;1;09jun1977;10jun1981
NL_NT-TK_1977__NL_Bp_NT;BOERENPARTIJ;NL_Bp_NT;NL_NT-TK_1977;1;09jun1977;10jun1981
NL_NT-TK_1977__NL_GPV_NT;GPV;NL_GPV_NT;NL_NT-TK_1977;1;09jun1977;10jun1981
NL_NT-TK_1977__NL_D66_NT;D66;NL_D66_NT;NL_NT-TK_1977;8;09jun1977;10jun1981
NL_NT-TK_1977__NL_DS70_NT;DS70;NL_DS70_NT;NL_NT-TK_1977;1;09jun1977;10jun1981
NL_NT-TK_1977__NL_PPR_NT;PPR;NL_PPR_NT;NL_NT-TK_1977;3;09jun1977;10jun1981
NL_NT-TK_1981__NL_CDA_NT;CDA;NL_CDA_NT;NL_NT-TK_1981;48;11jun1981;16sep1982
NL_NT-TK_1981__NL_PvdA_NT;PVDA;NL_PvdA_NT;NL_NT-TK_1981;44;11jun1981;16sep1982
NL_NT-TK_1981__NL_CPN_NT;CPN;NL_CPN_NT;NL_NT-TK_1981;3;11jun1981;16sep1982
NL_NT-TK_1981__NL_SGP_NT;SGP;NL_SGP_NT;NL_NT-TK_1981;3;11jun1981;16sep1982
NL_NT-TK_1981__NL_VVD_NT;VVD;NL_VVD_NT;NL_NT-TK_1981;26;11jun1981;16sep1982
NL_NT-TK_1981__NL_PSP_NT;PSP;NL_PSP_NT;NL_NT-TK_1981;3;11jun1981;16sep1982
NL_NT-TK_1981__NL_GPV_NT;GPV;NL_GPV_NT;NL_NT-TK_1981;1;11jun1981;16sep1982
NL_NT-TK_1981__NL_D66_NT;D66;NL_D66_NT;NL_NT-TK_1981;17;11jun1981;16sep1982
NL_NT-TK_1981__NL_PPR_NT;PPR;NL_PPR_NT;NL_NT-TK_1981;3;11jun1981;16sep1982
NL_NT-TK_1981__NL_RPF_NT;RPF;NL_RPF_NT;NL_NT-TK_1981;2;11jun1981;16sep1982
NL_NT-TK_1982__NL_CDA_NT;CDA;NL_CDA_NT;NL_NT-TK_1982;45;17sep1982;03jun1986
NL_NT-TK_1982__NL_PvdA_NT;PVDA;NL_PvdA_NT;NL_NT-TK_1982;47;17sep1982;03jun1986
NL_NT-TK_1982__NL_CPN_NT;CPN;NL_CPN_NT;NL_NT-TK_1982;3;17sep1982;03jun1986
NL_NT-TK_1982__NL_SGP_NT;SGP;NL_SGP_NT;NL_NT-TK_1982;3;17sep1982;03jun1986
NL_NT-TK_1982__NL_VVD_NT;VVD;NL_VVD_NT;NL_NT-TK_1982;36;17sep1982;03jun1986
NL_NT-TK_1982__NL_PSP_NT;PSP;NL_PSP_NT;NL_NT-TK_1982;3;17sep1982;03jun1986
NL_NT-TK_1982__NL_GPV_NT;GPV;NL_GPV_NT;NL_NT-TK_1982;1;17sep1982;03jun1986
NL_NT-TK_1982__NL_D66_NT;D66;NL_D66_NT;NL_NT-TK_1982;6;17sep1982;03jun1986
NL_NT-TK_1982__NL_PPR_NT;PPR;NL_PPR_NT;NL_NT-TK_1982;2;17sep1982;03jun1986
NL_NT-TK_1982__NL_RPF_NT;RPF;NL_RPF_NT;NL_NT-TK_1982;2;17sep1982;03jun1986
NL_NT-TK_1982__NL_CP_NT;CP;NL_CP_NT;NL_NT-TK_1982;1;17sep1982;03jun1986
NL_NT-TK_1982__NL_EVP_NT;EVP;NL_EVP_NT;NL_NT-TK_1982;1;17sep1982;03jun1986
NL_NT-TK_1986__NL_CDA_NT;CDA;NL_CDA_NT;NL_NT-TK_1986;54;04jun1986;14sep1989
NL_NT-TK_1986__NL_PvdA_NT;PVDA;NL_PvdA_NT;NL_NT-TK_1986;52;04jun1986;14sep1989
NL_NT-TK_1986__NL_SGP_NT;SGP;NL_SGP_NT;NL_NT-TK_1986;3;04jun1986;14sep1989
NL_NT-TK_1986__NL_VVD_NT;VVD;NL_VVD_NT;NL_NT-TK_1986;27;04jun1986;14sep1989
NL_NT-TK_1986__NL_PSP_NT;PSP;NL_PSP_NT;NL_NT-TK_1986;1;04jun1986;14sep1989
NL_NT-TK_1986__NL_GPV_NT;GPV;NL_GPV_NT;NL_NT-TK_1986;1;04jun1986;14sep1989
NL_NT-TK_1986__NL_D66_NT;D66;NL_D66_NT;NL_NT-TK_1986;9;04jun1986;14sep1989
NL_NT-TK_1986__NL_PPR_NT;PPR;NL_PPR_NT;NL_NT-TK_1986;2;04jun1986;14sep1989
NL_NT-TK_1986__NL_RPF_NT;RPF;NL_RPF_NT;NL_NT-TK_1986;1;04jun1986;14sep1989
NL_NT-TK_1989__NL_CDA_NT;CDA;NL_CDA_NT;NL_NT-TK_1989;54;15sep1989;17may1994
NL_NT-TK_1989__NL_PvdA_NT;PVDA;NL_PvdA_NT;NL_NT-TK_1989;49;15sep1989;17may1994
NL_NT-TK_1989__NL_SGP_NT;SGP;NL_SGP_NT;NL_NT-TK_1989;3;15sep1989;17may1994
NL_NT-TK_1989__NL_VVD_NT;VVD;NL_VVD_NT;NL_NT-TK_1989;22;15sep1989;17may1994
NL_NT-TK_1989__NL_GPV_NT;GPV;NL_GPV_NT;NL_NT-TK_1989;2;15sep1989;17may1994
NL_NT-TK_1989__NL_D66_NT;D66;NL_D66_NT;NL_NT-TK_1989;12;15sep1989;17may1994
NL_NT-TK_1989__NL_RPF_NT;RPF;NL_RPF_NT;NL_NT-TK_1989;1;15sep1989;17may1994
NL_NT-TK_1989__NL_GL_NT;GL;NL_GL_NT;NL_NT-TK_1989;6;15sep1989;17may1994
NL_NT-TK_1989__NL_CD_NT;CD;NL_CD_NT;NL_NT-TK_1989;1;15sep1989;17may1994
NL_NT-TK_1994__NL_CDA_NT;CDA;NL_CDA_NT;NL_NT-TK_1994;34;18may1994;19may1998
NL_NT-TK_1994__NL_PvdA_NT;PVDA;NL_PvdA_NT;NL_NT-TK_1994;37;18may1994;19may1998
NL_NT-TK_1994__NL_SGP_NT;SGP;NL_SGP_NT;NL_NT-TK_1994;2;18may1994;19may1998
NL_NT-TK_1994__NL_VVD_NT;VVD;NL_VVD_NT;NL_NT-TK_1994;31;18may1994;19may1998
NL_NT-TK_1994__NL_GPV_NT;GPV;NL_GPV_NT;NL_NT-TK_1994;2;18may1994;19may1998
NL_NT-TK_1994__NL_D66_NT;D66;NL_D66_NT;NL_NT-TK_1994;24;18may1994;19may1998
NL_NT-TK_1994__NL_RPF_NT;RPF;NL_RPF_NT;NL_NT-TK_1994;3;18may1994;19may1998
NL_NT-TK_1994__NL_GL_NT;GL;NL_GL_NT;NL_NT-TK_1994;5;18may1994;19may1998
NL_NT-TK_1994__NL_CD_NT;CD;NL_CD_NT;NL_NT-TK_1994;3;18may1994;19may1998
NL_NT-TK_1994__NL_AOV_NT;AOV;NL_AOV_NT;NL_NT-TK_1994;6;18may1994;19may1998
NL_NT-TK_1994__NL_SP_NT;SP;NL_SP_NT;NL_NT-TK_1994;2;18may1994;19may1998
NL_NT-TK_1994__NL_UNIE55_NT;UNIE55;NL_UNIE55_NT;NL_NT-TK_1994;1;18may1994;19may1998
NL_NT-TK_1998__NL_CDA_NT;CDA;NL_CDA_NT;NL_NT-TK_1998;29;20may1998;23may2002
NL_NT-TK_1998__NL_PvdA_NT;PVDA;NL_PvdA_NT;NL_NT-TK_1998;45;20may1998;23may2002
NL_NT-TK_1998__NL_SGP_NT;SGP;NL_SGP_NT;NL_NT-TK_1998;3;20may1998;23may2002
NL_NT-TK_1998__NL_VVD_NT;VVD;NL_VVD_NT;NL_NT-TK_1998;38;20may1998;23may2002
NL_NT-TK_1998__NL_GPV_NT;GPV;NL_GPV_NT;NL_NT-TK_1998;2;20may1998;23may2002
NL_NT-TK_1998__NL_D66_NT;D66;NL_D66_NT;NL_NT-TK_1998;14;20may1998;23may2002
NL_NT-TK_1998__NL_RPF_NT;RPF;NL_RPF_NT;NL_NT-TK_1998;3;20may1998;23may2002
NL_NT-TK_1998__NL_GL_NT;GL;NL_GL_NT;NL_NT-TK_1998;11;20may1998;23may2002
NL_NT-TK_1998__NL_SP_NT;SP;NL_SP_NT;NL_NT-TK_1998;5;20may1998;23may2002
NL_NT-TK_2002__NL_CDA_NT;CDA;NL_CDA_NT;NL_NT-TK_2002;43;24may2002;30jan2003
NL_NT-TK_2002__NL_PvdA_NT;PVDA;NL_PvdA_NT;NL_NT-TK_2002;23;24may2002;30jan2003
NL_NT-TK_2002__NL_SGP_NT;SGP;NL_SGP_NT;NL_NT-TK_2002;2;24may2002;30jan2003
NL_NT-TK_2002__NL_VVD_NT;VVD;NL_VVD_NT;NL_NT-TK_2002;24;24may2002;30jan2003
NL_NT-TK_2002__NL_D66_NT;D66;NL_D66_NT;NL_NT-TK_2002;7;24may2002;30jan2003
NL_NT-TK_2002__NL_GL_NT;GL;NL_GL_NT;NL_NT-TK_2002;10;24may2002;30jan2003
NL_NT-TK_2002__NL_SP_NT;SP;NL_SP_NT;NL_NT-TK_2002;9;24may2002;30jan2003
NL_NT-TK_2002__NL_LPF_NT;LPF;NL_LPF_NT;NL_NT-TK_2002;26;24may2002;30jan2003
NL_NT-TK_2002__NL_LN_NT;LN;NL_LN_NT;NL_NT-TK_2002;2;24may2002;30jan2003
NL_NT-TK_2002__NL_CU_NT;CU;NL_CU_NT;NL_NT-TK_2002;4;24may2002;30jan2003
NL_NT-TK_2003__NL_CDA_NT;CDA;NL_CDA_NT;NL_NT-TK_2003;44;31jan2003;30nov2006
NL_NT-TK_2003__NL_PvdA_NT;PVDA;NL_PvdA_NT;NL_NT-TK_2003;42;31jan2003;30nov2006
NL_NT-TK_2003__NL_SGP_NT;SGP;NL_SGP_NT;NL_NT-TK_2003;2;31jan2003;30nov2006
NL_NT-TK_2003__NL_VVD_NT;VVD;NL_VVD_NT;NL_NT-TK_2003;28;31jan2003;30nov2006
NL_NT-TK_2003__NL_D66_NT;D66;NL_D66_NT;NL_NT-TK_2003;6;31jan2003;30nov2006
NL_NT-TK_2003__NL_GL_NT;GL;NL_GL_NT;NL_NT-TK_2003;8;31jan2003;30nov2006
NL_NT-TK_2003__NL_SP_NT;SP;NL_SP_NT;NL_NT-TK_2003;9;31jan2003;30nov2006
NL_NT-TK_2003__NL_LPF_NT;LPF;NL_LPF_NT;NL_NT-TK_2003;8;31jan2003;30nov2006
NL_NT-TK_2003__NL_CU_NT;CU;NL_CU_NT;NL_NT-TK_2003;3;31jan2003;30nov2006
NL_NT-TK_2006__NL_CDA_NT;CDA;NL_CDA_NT;NL_NT-TK_2006;41;01dec2006;17jun2010
NL_NT-TK_2006__NL_PvdA_NT;PVDA;NL_PvdA_NT;NL_NT-TK_2006;33;01dec2006;17jun2010
NL_NT-TK_2006__NL_SGP_NT;SGP;NL_SGP_NT;NL_NT-TK_2006;2;01dec2006;17jun2010
NL_NT-TK_2006__NL_VVD_NT;VVD;NL_VVD_NT;NL_NT-TK_2006;22;01dec2006;17jun2010
NL_NT-TK_2006__NL_D66_NT;D66;NL_D66_NT;NL_NT-TK_2006;3;01dec2006;17jun2010
NL_NT-TK_2006__NL_GL_NT;GL;NL_GL_NT;NL_NT-TK_2006;7;01dec2006;17jun2010
NL_NT-TK_2006__NL_SP_NT;SP;NL_SP_NT;NL_NT-TK_2006;25;01dec2006;17jun2010
NL_NT-TK_2006__NL_PvdD_NT;PVDD;NL_PvdD_NT;NL_NT-TK_2006;2;01dec2006;17jun2010
NL_NT-TK_2006__NL_PVV_NT;PVV;NL_PVV_NT;NL_NT-TK_2006;9;01dec2006;17jun2010
NL_NT-TK_2006__NL_CU_NT;CU;NL_CU_NT;NL_NT-TK_2006;6;01dec2006;17jun2010
NL_NT-TK_2010__NL_CDA_NT;CDA;NL_CDA_NT;NL_NT-TK_2010;21;18jun2010;20sep2012
NL_NT-TK_2010__NL_PvdA_NT;PVDA;NL_PvdA_NT;NL_NT-TK_2010;30;18jun2010;20sep2012
NL_NT-TK_2010__NL_SGP_NT;SGP;NL_SGP_NT;NL_NT-TK_2010;2;18jun2010;20sep2012
NL_NT-TK_2010__NL_VVD_NT;VVD;NL_VVD_NT;NL_NT-TK_2010;31;18jun2010;20sep2012
NL_NT-TK_2010__NL_D66_NT;D66;NL_D66_NT;NL_NT-TK_2010;10;18jun2010;20sep2012
NL_NT-TK_2010__NL_GL_NT;GL;NL_GL_NT;NL_NT-TK_2010;10;18jun2010;20sep2012
NL_NT-TK_2010__NL_SP_NT;SP;NL_SP_NT;NL_NT-TK_2010;15;18jun2010;20sep2012
NL_NT-TK_2010__NL_PvdD_NT;PVDD;NL_PvdD_NT;NL_NT-TK_2010;2;18jun2010;20sep2012
NL_NT-TK_2010__NL_PVV_NT;PVV;NL_PVV_NT;NL_NT-TK_2010;24;18jun2010;20sep2012
NL_NT-TK_2010__NL_CU_NT;CU;NL_CU_NT;NL_NT-TK_2010;5;18jun2010;20sep2012
NL_NT-TK_2012__NL_CDA_NT;CDA;NL_CDA_NT;NL_NT-TK_2012;13;21sep2012;14mar2017
NL_NT-TK_2012__NL_PvdA_NT;PVDA;NL_PvdA_NT;NL_NT-TK_2012;38;21sep2012;14mar2017
NL_NT-TK_2012__NL_SGP_NT;SGP;NL_SGP_NT;NL_NT-TK_2012;3;21sep2012;14mar2017
NL_NT-TK_2012__NL_VVD_NT;VVD;NL_VVD_NT;NL_NT-TK_2012;41;21sep2012;14mar2017
NL_NT-TK_2012__NL_D66_NT;D66;NL_D66_NT;NL_NT-TK_2012;12;21sep2012;14mar2017
NL_NT-TK_2012__NL_GL_NT;GL;NL_GL_NT;NL_NT-TK_2012;4;21sep2012;14mar2017
NL_NT-TK_2012__NL_SP_NT;SP;NL_SP_NT;NL_NT-TK_2012;15;21sep2012;14mar2017
NL_NT-TK_2012__NL_PvdD_NT;PVDD;NL_PvdD_NT;NL_NT-TK_2012;2;21sep2012;14mar2017
NL_NT-TK_2012__NL_PVV_NT;PVV;NL_PVV_NT;NL_NT-TK_2012;15;21sep2012;14mar2017
NL_NT-TK_2012__NL_CU_NT;CU;NL_CU_NT;NL_NT-TK_2012;5;21sep2012;14mar2017
NL_NT-TK_2012__NL_50+_NT;50PLUS;NL_50+_NT;NL_NT-TK_2012;2;21sep2012;14mar2017
NL_NT-TK_2017__NL_CDA_NT;CDA;NL_CDA_NT;NL_NT-TK_2017;19;16mar2017;31dec2017
NL_NT-TK_2017__NL_PvdA_NT;PVDA;NL_PvdA_NT;NL_NT-TK_2017;9;16mar2017;31dec2017
NL_NT-TK_2017__NL_SGP_NT;SGP;NL_SGP_NT;NL_NT-TK_2017;3;16mar2017;31dec2017
NL_NT-TK_2017__NL_VVD_NT;VVD;NL_VVD_NT;NL_NT-TK_2017;33;16mar2017;31dec2017
NL_NT-TK_2017__NL_D66_NT;D66;NL_D66_NT;NL_NT-TK_2017;19;16mar2017;31dec2017
NL_NT-TK_2017__NL_GL_NT;GL;NL_GL_NT;NL_NT-TK_2017;14;16mar2017;31dec2017
NL_NT-TK_2017__NL_SP_NT;SP;NL_SP_NT;NL_NT-TK_2017;14;16mar2017;31dec2017
NL_NT-TK_2017__NL_PvdD_NT;PVDD;NL_PvdD_NT;NL_NT-TK_2017;2;16mar2017;31dec2017
NL_NT-TK_2017__NL_PVV_NT;PVV;NL_PVV_NT;NL_NT-TK_2017;20;16mar2017;31dec2017
NL_NT-TK_2017__NL_CU_NT;CU;NL_CU_NT;NL_NT-TK_2017;5;16mar2017;31dec2017
NL_NT-TK_2017__NL_50+_NT;50PLUS;NL_50+_NT;NL_NT-TK_2017;4;16mar2017;31dec2017
NL_NT-TK_2017__NL_DENK_NT;DENK;NL_DENK_NT;NL_NT-TK_2017;3;16mar2017;31dec2017
NL_NT-TK_2017__NL_FvD_NT;FvD;NL_FvD_NT;NL_NT-TK_2017;2;16mar2017;31dec2017
CH_NT-NR_1947__CH_BGB|PAB_NT;Bauern-, Gewerbe- und Bürgerfraktion (B) im Nationalrat;CH_BGB|PAB_NT;CH_NT-NR_1947;21;01dec1947;02dec1951
CH_NT-NR_1947__CH_CVP|PDC_NT;Katholisch-Konservative Fraktion (K) im Nationalrat;CH_CVP|PDC_NT;CH_NT-NR_1947;44;01dec1947;02dec1951
CH_NT-NR_1947__CH_DP|DEM_NT;Demokratische Fraktion (D) im Nationalrat;CH_DP|DEM_NT;CH_NT-NR_1947;5;01dec1947;02dec1951
CH_NT-NR_1947__CH_LdU|ADI_NT;Fraktion des Landesrings (U) im Nationalrat;CH_LdU|ADI_NT;CH_NT-NR_1947;9;01dec1947;02dec1951
CH_NT-NR_1947__CH_LPS_NT;Liberal-demokratische Fraktion (L) im Nationalrat;CH_LPS_NT;CH_NT-NR_1947;7;01dec1947;02dec1951
CH_NT-NR_1947__CH_none_NT__1;ohne Fraktionszugehörigkeit im Nationalrat;CH_none_NT;CH_NT-NR_1947;1;01dec1947;01jul1950
CH_NT-NR_1947__CH_none_NT__2;ohne Fraktionszugehörigkeit im Nationalrat;CH_none_NT;CH_NT-NR_1947;2;01jul1950;02dec1951
CH_NT-NR_1947__CH_PdA_NT__1;Fraktion der Partei der Arbeit (T) im Nationalrat;CH_PdA_NT;CH_NT-NR_1947;7;01dec1947;01jul1950
CH_NT-NR_1947__CH_PdA_NT__2;Fraktion der Partei der Arbeit (T) im Nationalrat;CH_PdA_NT;CH_NT-NR_1947;6;01jul1950;02dec1951
CH_NT-NR_1947__CH_SP|PS_NT;Sozialdemokratische Fraktion (S) im Nationalrat;CH_SP|PS_NT;CH_NT-NR_1947;48;01dec1947;02dec1951
CH_NT-NR_1951__CH_BGB|PAB_NT;Bauern-, Gewerbe- und Bürgerfraktion (B) im Nationalrat;CH_BGB|PAB_NT;CH_NT-NR_1951;23;03dec1951;04dec1955
CH_NT-NR_1951__CH_CVP|PDC_NT;Katholisch-Konservative Fraktion (K) im Nationalrat;CH_CVP|PDC_NT;CH_NT-NR_1951;48;03dec1951;04dec1955
CH_NT-NR_1951__CH_DP|DEM_NT--CH_EVP|PEP_NT;Demokratische und evangelische Fraktion (D) im Nationalrat;"CH_DP|DEM_NT;CH_EVP|PEP_NT";CH_NT-NR_1951;5;03dec1951;04dec1955
CH_NT-NR_1951__CH_LdU|ADI_NT;Fraktion des Landesrings (U) im Nationalrat;CH_LdU|ADI_NT;CH_NT-NR_1951;10;03dec1951;04dec1955
CH_NT-NR_1951__CH_LPS_NT;Liberal-demokratische Fraktion (L) im Nationalrat;CH_LPS_NT;CH_NT-NR_1951;5;03dec1951;04dec1955
CH_NT-NR_1951__CH_none_NT__1;ohne Fraktionszugehörigkeit im Nationalrat;CH_none_NT;CH_NT-NR_1951;5;03dec1951;04dec1955
CH_NT-NR_1951__CH_none_NT__2;ohne Fraktionszugehörigkeit im Nationalrat;CH_none_NT;CH_NT-NR_1951;0;01jul1952;01jan1953
CH_NT-NR_1951__CH_PdA_NT;Fraktion der Partei der Arbeit (T) im Nationalrat;CH_PdA_NT;CH_NT-NR_1951;5;01jul1952;01jan1953
CH_NT-NR_1951__CH_SP|PS_NT;Sozialdemokratische Fraktion (S) im Nationalrat;CH_SP|PS_NT;CH_NT-NR_1951;49;03dec1951;04dec1955
CH_NT-NR_1955__CH_BGB|PAB_NT;Bauern-, Gewerbe- und Bürgerfraktion (B) im Nationalrat;CH_BGB|PAB_NT;CH_NT-NR_1955;22;05dec1955;06dec1959
CH_NT-NR_1955__CH_CVP|PDC_NT__1;Katholisch-Konservative Fraktion (K) im Nationalrat;CH_CVP|PDC_NT;CH_NT-NR_1955;47;05dec1955;01jan1958
CH_NT-NR_1955__CH_CVP|PDC_NT__2;Konservativ-christlichsoziale Fraktion (K) im Nationalrat;CH_CVP|PDC_NT;CH_NT-NR_1955;47;01jan1958;06dec1959
CH_NT-NR_1955__CH_DP|DEM_NT--CH_EVP|PEP_NT;Demokratische und evangelische Fraktion (D) im Nationalrat;"CH_DP|DEM_NT;CH_EVP|PEP_NT";CH_NT-NR_1955;5;05dec1955;06dec1959
CH_NT-NR_1955__CH_LdU|ADI_NT;Fraktion des Landesrings (U) im Nationalrat;CH_LdU|ADI_NT;CH_NT-NR_1955;10;05dec1955;06dec1959
CH_NT-NR_1955__CH_LPS_NT;Liberal-demokratische Fraktion (L) im Nationalrat;CH_LPS_NT;CH_NT-NR_1955;5;05dec1955;06dec1959
CH_NT-NR_1955__CH_none_NT;ohne Fraktionszugehörigkeit im Nationalrat;CH_none_NT;CH_NT-NR_1955;4;05dec1955;06dec1959
CH_NT-NR_1955__CH_SP|PS_NT;Sozialdemokratische Fraktion (S) im Nationalrat;CH_SP|PS_NT;CH_NT-NR_1955;53;05dec1955;06dec1959
CH_NT-NR_1959__CH_BGB|PAB_NT;Bauern-, Gewerbe- und Bürgerfraktion (B) im Nationalrat;CH_BGB|PAB_NT;CH_NT-NR_1959;23;07dec1959;01dec1963
CH_NT-NR_1959__CH_CVP|PDC_NT;Konservativ-christlichsoziale Fraktion (K) im Nationalrat;CH_CVP|PDC_NT;CH_NT-NR_1959;47;07dec1959;01dec1963
CH_NT-NR_1959__CH_DP|DEM_NT--CH_EVP|PEP_NT;Demokratische und evangelische Fraktion (D) im Nationalrat;"CH_DP|DEM_NT;CH_EVP|PEP_NT";CH_NT-NR_1959;6;07dec1959;01dec1963
CH_NT-NR_1959__CH_LdU|ADI_NT;Fraktion des Landesrings (U) im Nationalrat;CH_LdU|ADI_NT;CH_NT-NR_1959;10;07dec1959;01dec1963
CH_NT-NR_1959__CH_LPS_NT;Liberal-demokratische Fraktion (L) im Nationalrat;CH_LPS_NT;CH_NT-NR_1959;5;07dec1959;01dec1963
CH_NT-NR_1959__CH_none_NT;ohne Fraktionszugehörigkeit im Nationalrat;CH_none_NT;CH_NT-NR_1959;3;07dec1959;01dec1963
CH_NT-NR_1959__CH_SP|PS_NT;Sozialdemokratische Fraktion (S) im Nationalrat;CH_SP|PS_NT;CH_NT-NR_1959;51;07dec1959;01dec1963
CH_NT-NR_1963__CH_BGB|PAB_NT;Bauern-, Gewerbe- und Bürgerfraktion (B) im Nationalrat;CH_BGB|PAB_NT;CH_NT-NR_1963;22;02dec1963;03dec1967
CH_NT-NR_1963__CH_CVP|PDC_NT;Konservativ-christlichsoziale Fraktion (K) im Nationalrat;CH_CVP|PDC_NT;CH_NT-NR_1963;48;02dec1963;03dec1967
CH_NT-NR_1963__CH_DP|DEM_NT--CH_EVP|PEP_NT__1;Demokratische und evangelische Fraktion (D) im Nationalrat;"CH_DP|DEM_NT;CH_EVP|PEP_NT";CH_NT-NR_1963;6;02dec1963;01jan1965
CH_NT-NR_1963__CH_DP|DEM_NT--CH_EVP|PEP_NT__2;Demokratische und evangelische Fraktion (D) im Nationalrat;"CH_DP|DEM_NT;CH_EVP|PEP_NT";CH_NT-NR_1963;5;01jan1965;03dec1967
CH_NT-NR_1963__CH_LdU|ADI_NT;Fraktion des Landesrings (U) im Nationalrat;CH_LdU|ADI_NT;CH_NT-NR_1963;10;02dec1963;03dec1967
CH_NT-NR_1963__CH_LPS_NT;Liberal-demokratische Fraktion (L) im Nationalrat;CH_LPS_NT;CH_NT-NR_1963;6;02dec1963;03dec1967
CH_NT-NR_1963__CH_none_NT__1;ohne Fraktionszugehörigkeit im Nationalrat;CH_none_NT;CH_NT-NR_1963;4;02dec1963;01jan1965
CH_NT-NR_1963__CH_none_NT__2;ohne Fraktionszugehörigkeit im Nationalrat;CH_none_NT;CH_NT-NR_1963;5;01jan1965;03dec1967
CH_NT-NR_1963__CH_SP|PS_NT;Sozialdemokratische Fraktion (S) im Nationalrat;CH_SP|PS_NT;CH_NT-NR_1963;53;02dec1963;03dec1967
CH_NT-NR_1967__CH_BGB|PAB_NT;Bauern-, Gewerbe- und Bürgerfraktion (B) im Nationalrat;CH_BGB|PAB_NT;CH_NT-NR_1967;21;04dec1967;28nov1971
CH_NT-NR_1967__CH_CVP|PDC_NT__1;Christlichdemokratische Fraktion (C) im Nationalrat;CH_CVP|PDC_NT;CH_NT-NR_1967;45;01jan1971;28nov1971
CH_NT-NR_1967__CH_CVP|PDC_NT__2;Konservativ-christlichsoziale Fraktion (K) im Nationalrat;CH_CVP|PDC_NT;CH_NT-NR_1967;45;04dec1967;01jan1971
CH_NT-NR_1967__CH_DP|DEM_NT--CH_EVP|PEP_NT;Demokratische und evangelische Fraktion (D) im Nationalrat;"CH_DP|DEM_NT;CH_EVP|PEP_NT";CH_NT-NR_1967;6;04dec1967;28nov1971
CH_NT-NR_1967__CH_LdU|ADI_NT;Fraktion des Landesrings (U) im Nationalrat;CH_LdU|ADI_NT;CH_NT-NR_1967;16;04dec1967;28nov1971
CH_NT-NR_1967__CH_LPS_NT;Liberal-demokratische Fraktion (L) im Nationalrat;CH_LPS_NT;CH_NT-NR_1967;6;04dec1967;28nov1971
CH_NT-NR_1967__CH_none_NT;ohne Fraktionszugehörigkeit im Nationalrat;CH_none_NT;CH_NT-NR_1967;1;04dec1967;28nov1971
CH_NT-NR_1967__CH_PdA_NT;Fraktion der Partei der Arbeit (T) im Nationalrat;CH_PdA_NT;CH_NT-NR_1967;5;04dec1967;28nov1971
CH_NT-NR_1967__CH_SP|PS_NT;Sozialdemokratische Fraktion (S) im Nationalrat;CH_SP|PS_NT;CH_NT-NR_1967;51;04dec1967;28nov1971
CH_NT-NR_1971__CH_CVP|PDC_NT;Christlichdemokratische Fraktion (C) im Nationalrat;CH_CVP|PDC_NT;CH_NT-NR_1971;44;29nov1971;30nov1975
CH_NT-NR_1971__CH_EVP|PEP_NT--CH_LPS_NT;Liberale und evangelische Fraktion (L) im Nationalrat;"CH_EVP|PEP_NT;CH_LPS_NT";CH_NT-NR_1971;9;29nov1971;30nov1975
CH_NT-NR_1971__CH_LdU|ADI_NT;Fraktion des Landesrings (U) im Nationalrat;CH_LdU|ADI_NT;CH_NT-NR_1971;13;29nov1971;30nov1975
CH_NT-NR_1971__CH_NA|SD_NT--CH_RB_NT__1;Republikanische und nationale Fraktion (P) im Nationalrat;"CH_NA|SD_NT;CH_RB_NT";CH_NT-NR_1971;11;01jan1973;01jan1975
CH_NT-NR_1971__CH_NA|SD_NT--CH_RB_NT__2;Republikanische und nationale Fraktion (P) im Nationalrat;"CH_NA|SD_NT;CH_RB_NT";CH_NT-NR_1971;7;01jan1975;30nov1975
CH_NT-NR_1971__CH_none_NT__1;ohne Fraktionszugehörigkeit im Nationalrat;CH_none_NT;CH_NT-NR_1971;4;29nov1971;30nov1975
CH_NT-NR_1971__CH_none_NT__2;ohne Fraktionszugehörigkeit im Nationalrat;CH_none_NT;CH_NT-NR_1971;0;01jan1973;01jan1975
CH_NT-NR_1971__CH_PdA_NT;Fraktion der Partei der Arbeit (T) im Nationalrat;CH_PdA_NT;CH_NT-NR_1971;5;29nov1971;30nov1975
CH_NT-NR_1971__CH_RB_NT;Fraktion der Republikaner (P) im Nationalrat;CH_RB_NT;CH_NT-NR_1971;7;29nov1971;01jan1973
CH_NT-NR_1971__CH_SP|PS_NT;Sozialdemokratische Fraktion (S) im Nationalrat;CH_SP|PS_NT;CH_NT-NR_1971;46;29nov1971;30nov1975
CH_NT-NR_1971__CH_SVP|UDC_NT;Fraktion der Schweizerischen Volkspartei (V) im Nationalrat;CH_SVP|UDC_NT;CH_NT-NR_1971;23;29nov1971;30nov1975
CH_NT-NR_1975__CH_CVP|PDC_NT;Christlichdemokratische Fraktion (C) im Nationalrat;CH_CVP|PDC_NT;CH_NT-NR_1975;46;01dec1975;25nov1979
CH_NT-NR_1975__CH_EVP|PEP_NT--CH_LPS_NT;Liberale und evangelische Fraktion (L) im Nationalrat;"CH_EVP|PEP_NT;CH_LPS_NT";CH_NT-NR_1975;9;01dec1975;25nov1979
CH_NT-NR_1975__CH_LdU|ADI_NT;Fraktion des Landesrings (U) im Nationalrat;CH_LdU|ADI_NT;CH_NT-NR_1975;11;01dec1975;25nov1979
CH_NT-NR_1975__CH_none_NT;ohne Fraktionszugehörigkeit im Nationalrat;CH_none_NT;CH_NT-NR_1975;6;01dec1975;25nov1979
CH_NT-NR_1975__CH_PdA_NT--CH_PSA_NT;Partei der Arbeit u. autonome sozialist. Partei (T) im Nationalrat;"CH_PdA_NT;CH_PSA_NT";CH_NT-NR_1975;5;01dec1975;25nov1979
CH_NT-NR_1975__CH_SP|PS_NT;Sozialdemokratische Fraktion (S) im Nationalrat;CH_SP|PS_NT;CH_NT-NR_1975;55;01dec1975;25nov1979
CH_NT-NR_1975__CH_SVP|UDC_NT;Fraktion der Schweizerischen Volkspartei (V) im Nationalrat;CH_SVP|UDC_NT;CH_NT-NR_1975;21;01dec1975;25nov1979
CH_NT-NR_1979__CH_CVP|PDC_NT;Christlichdemokratische Fraktion (C) im Nationalrat;CH_CVP|PDC_NT;CH_NT-NR_1979;44;26nov1979;27nov1983
CH_NT-NR_1979__CH_EVP|PEP_NT--CH_LdU|ADI_NT;Unabhängige und evangelische Fraktion (UE) im Nationalrat;"CH_EVP|PEP_NT;CH_LdU|ADI_NT";CH_NT-NR_1979;11;26nov1979;27nov1983
CH_NT-NR_1979__CH_LPS_NT;Liberale Fraktion (L) im Nationalrat;CH_LPS_NT;CH_NT-NR_1979;8;26nov1979;27nov1983
CH_NT-NR_1979__CH_none_NT;ohne Fraktionszugehörigkeit im Nationalrat;CH_none_NT;CH_NT-NR_1979;5;26nov1979;27nov1983
CH_NT-NR_1979__CH_PdA_NT--CH_PSA_NT--CH_POCH_NT;Fraktion der PdA, PSA, POCH (T) im Nationalrat;"CH_PdA_NT;CH_PSA_NT;CH_POCH_NT";CH_NT-NR_1979;7;26nov1979;27nov1983
CH_NT-NR_1979__CH_SP|PS_NT;Sozialdemokratische Fraktion (S) im Nationalrat;CH_SP|PS_NT;CH_NT-NR_1979;51;26nov1979;27nov1983
CH_NT-NR_1979__CH_SVP|UDC_NT;Fraktion der Schweizerischen Volkspartei (V) im Nationalrat;CH_SVP|UDC_NT;CH_NT-NR_1979;23;26nov1979;27nov1983
CH_NT-NR_1983__CH_CVP|PDC_NT;Christlichdemokratische Fraktion (C) im Nationalrat;CH_CVP|PDC_NT;CH_NT-NR_1983;42;28nov1983;29nov1987
CH_NT-NR_1983__CH_EVP|PEP_NT--CH_LdU|ADI_NT__1;LdU/EVP-Fraktion (U) im Nationalrat;"CH_EVP|PEP_NT;CH_LdU|ADI_NT";CH_NT-NR_1983;12;28nov1983;01jan1987
CH_NT-NR_1983__CH_EVP|PEP_NT--CH_LdU|ADI_NT__2;LdU/EVP-Fraktion (U) im Nationalrat;"CH_EVP|PEP_NT;CH_LdU|ADI_NT";CH_NT-NR_1983;13;01jan1987;29nov1987
CH_NT-NR_1983__CH_LPS_NT;Liberale Fraktion (L) im Nationalrat;CH_LPS_NT;CH_NT-NR_1983;8;28nov1983;29nov1987
CH_NT-NR_1983__CH_NA|SD_NT__1;Fraktion der Nationalen Aktion / Vigilants (N) im Nationalrat;CH_NA|SD_NT;CH_NT-NR_1983;5;28nov1983;01jan1987
CH_NT-NR_1983__CH_NA|SD_NT__2;Fraktion der Nationalen Aktion / Vigilants (N) im Nationalrat;CH_NA|SD_NT;CH_NT-NR_1983;0;01jan1987;29nov1987
CH_NT-NR_1983__CH_none_NT__1;ohne Fraktionszugehörigkeit im Nationalrat;CH_none_NT;CH_NT-NR_1983;4;28nov1983;01jan1987
CH_NT-NR_1983__CH_none_NT__2;ohne Fraktionszugehörigkeit im Nationalrat;CH_none_NT;CH_NT-NR_1983;8;01jan1987;29nov1987
CH_NT-NR_1983__CH_PdA_NT--CH_PSA_NT--CH_POCH_NT;Fraktion der PdA, PSA, POCH (T) im Nationalrat;"CH_PdA_NT;CH_PSA_NT;CH_POCH_NT";CH_NT-NR_1983;5;28nov1983;29nov1987
CH_NT-NR_1983__CH_SP|PS_NT;Sozialdemokratische Fraktion (S) im Nationalrat;CH_SP|PS_NT;CH_NT-NR_1983;47;28nov1983;29nov1987
CH_NT-NR_1983__CH_SVP|UDC_NT;Fraktion der Schweizerischen Volkspartei (V) im Nationalrat;CH_SVP|UDC_NT;CH_NT-NR_1983;23;28nov1983;29nov1987
CH_NT-NR_1987__CH_CVP|PDC_NT;Christlichdemokratische Fraktion (C) im Nationalrat;CH_CVP|PDC_NT;CH_NT-NR_1987;42;30nov1987;24nov1991
CH_NT-NR_1987__CH_EVP|PEP_NT--CH_LdU|ADI_NT;LdU/EVP-Fraktion (U) im Nationalrat;"CH_EVP|PEP_NT;CH_LdU|ADI_NT";CH_NT-NR_1987;12;30nov1987;24nov1991
CH_NT-NR_1987__CH_Grue_NT;Grüne Fraktion (G) im Nationalrat;CH_Grue_NT;CH_NT-NR_1987;9;30nov1987;24nov1991
CH_NT-NR_1987__CH_LPS_NT;Liberale Fraktion (L) im Nationalrat;CH_LPS_NT;CH_NT-NR_1987;9;30nov1987;24nov1991
CH_NT-NR_1987__CH_none_NT;ohne Fraktionszugehörigkeit im Nationalrat;CH_none_NT;CH_NT-NR_1987;10;30nov1987;24nov1991
CH_NT-NR_1987__CH_SP|PS_NT;Sozialdemokratische Fraktion (S) im Nationalrat;CH_SP|PS_NT;CH_NT-NR_1987;42;30nov1987;24nov1991
CH_NT-NR_1987__CH_SVP|UDC_NT;Fraktion der Schweizerischen Volkspartei (V) im Nationalrat;CH_SVP|UDC_NT;CH_NT-NR_1987;25;30nov1987;24nov1991
CH_NT-NR_1991__CH_CVP|PDC_NT;Christlichdemokratische Fraktion (C) im Nationalrat;CH_CVP|PDC_NT;CH_NT-NR_1991;37;25nov1991;03dec1995
CH_NT-NR_1991__CH_EVP|PEP_NT--CH_LdU|ADI_NT;LdU/EVP-Fraktion (U) im Nationalrat;"CH_EVP|PEP_NT;CH_LdU|ADI_NT";CH_NT-NR_1991;9;25nov1991;03dec1995
CH_NT-NR_1991__CH_FPS_NT;Fraktion der Autopartei (A) im Nationalrat;CH_FPS_NT;CH_NT-NR_1991;8;25nov1991;03dec1995
CH_NT-NR_1991__CH_Grue_NT;Grüne Fraktion (G) im Nationalrat;CH_Grue_NT;CH_NT-NR_1991;14;25nov1991;03dec1995
CH_NT-NR_1991__CH_LPS_NT;Liberale Fraktion (L) im Nationalrat;CH_LPS_NT;CH_NT-NR_1991;10;25nov1991;03dec1995
CH_NT-NR_1991__CH_NA|SD_NT--CH_LdT_NT;Fraktion Schweizer Demokraten u. Lega (D) im Nationalrat;"CH_NA|SD_NT;CH_LdT_NT";CH_NT-NR_1991;7;25nov1991;03dec1995
CH_NT-NR_1991__CH_none_NT;ohne Fraktionszugehörigkeit im Nationalrat;CH_none_NT;CH_NT-NR_1991;3;25nov1991;03dec1995
CH_NT-NR_1991__CH_SP|PS_NT;Sozialdemokratische Fraktion (S) im Nationalrat;CH_SP|PS_NT;CH_NT-NR_1991;43;25nov1991;03dec1995
CH_NT-NR_1991__CH_SVP|UDC_NT;Fraktion der Schweizerischen Volkspartei (V) im Nationalrat;CH_SVP|UDC_NT;CH_NT-NR_1991;25;25nov1991;03dec1995
CH_NT-NR_1995__CH_CVP|PDC_NT__1;Christlichdemokratische Fraktion (C) im Nationalrat;CH_CVP|PDC_NT;CH_NT-NR_1995;34;04dec1995;01jan1997
CH_NT-NR_1995__CH_CVP|PDC_NT__2;Christlichdemokratische Fraktion (C) im Nationalrat;CH_CVP|PDC_NT;CH_NT-NR_1995;34;01jan1997;05dec1999
CH_NT-NR_1995__CH_EVP|PEP_NT--CH_LdU|ADI_NT__1;LdU/EVP-Fraktion (U) im Nationalrat;"CH_EVP|PEP_NT;CH_LdU|ADI_NT";CH_NT-NR_1995;5;04dec1995;01jan1997
CH_NT-NR_1995__CH_EVP|PEP_NT--CH_LdU|ADI_NT__2;LdU/EVP-Fraktion (U) im Nationalrat;"CH_EVP|PEP_NT;CH_LdU|ADI_NT";CH_NT-NR_1995;5;01jan1997;01jan1999
CH_NT-NR_1995__CH_EVP|PEP_NT--CH_LdU|ADI_NT__3;LdU/EVP-Fraktion (U) im Nationalrat;"CH_EVP|PEP_NT;CH_LdU|ADI_NT";CH_NT-NR_1995;6;01jan1999;05dec1999
CH_NT-NR_1995__CH_FPS_NT__1;Fraktion der Freiheitspartei (F) im Nationalrat;CH_FPS_NT;CH_NT-NR_1995;8;04dec1995;01jan1997
CH_NT-NR_1995__CH_FPS_NT__2;Fraktion der Freiheitspartei (F) im Nationalrat;CH_FPS_NT;CH_NT-NR_1995;6;01jan1997;01jan1999
CH_NT-NR_1995__CH_FPS_NT__3;Fraktion der Freiheitspartei (F) im Nationalrat;CH_FPS_NT;CH_NT-NR_1995;9;01jan1999;05dec1999
CH_NT-NR_1995__CH_Grue_NT__1;Grüne Fraktion (G) im Nationalrat;CH_Grue_NT;CH_NT-NR_1995;10;04dec1995;01jan1997
CH_NT-NR_1995__CH_Grue_NT__2;Grüne Fraktion (G) im Nationalrat;CH_Grue_NT;CH_NT-NR_1995;10;01jan1997;01jan1999
CH_NT-NR_1995__CH_Grue_NT__3;Grüne Fraktion (G) im Nationalrat;CH_Grue_NT;CH_NT-NR_1995;11;01jan1999;05dec1999
CH_NT-NR_1995__CH_LPS_NT__1;Liberale Fraktion (L) im Nationalrat;CH_LPS_NT;CH_NT-NR_1995;7;04dec1995;01jan1997
CH_NT-NR_1995__CH_LPS_NT__2;Liberale Fraktion (L) im Nationalrat;CH_LPS_NT;CH_NT-NR_1995;7;01jan1997;05dec1999
CH_NT-NR_1995__CH_NA|SD_NT--CH_LdT_NT__1;Fraktion Schweizer Demokraten u. Lega (D) im Nationalrat;"CH_NA|SD_NT;CH_LdT_NT";CH_NT-NR_1995;0;04dec1995;01jan1997
CH_NT-NR_1995__CH_NA|SD_NT--CH_LdT_NT__2;Fraktion Schweizer Demokraten u. Lega (D) im Nationalrat;"CH_NA|SD_NT;CH_LdT_NT";CH_NT-NR_1995;5;01jan1997;01jan1999
CH_NT-NR_1995__CH_none_NT__1;ohne Fraktionszugehörigkeit im Nationalrat;CH_none_NT;CH_NT-NR_1995;4;04dec1995;01jan1997
CH_NT-NR_1995__CH_none_NT__2;ohne Fraktionszugehörigkeit im Nationalrat;CH_none_NT;CH_NT-NR_1995;1;01jan1997;05dec1999
CH_NT-NR_1995__CH_SP|PS_NT__1;Sozialdemokratische Fraktion (S) im Nationalrat;CH_SP|PS_NT;CH_NT-NR_1995;58;04dec1995;01jan1997
CH_NT-NR_1995__CH_SP|PS_NT__2;Sozialdemokratische Fraktion (S) im Nationalrat;CH_SP|PS_NT;CH_NT-NR_1995;58;01jan1997;01jan1999
CH_NT-NR_1995__CH_SP|PS_NT__3;Sozialdemokratische Fraktion (S) im Nationalrat;CH_SP|PS_NT;CH_NT-NR_1995;57;01jan1999;05dec1999
CH_NT-NR_1995__CH_SVP|UDC_NT__1;Fraktion der Schweizerischen Volkspartei (V) im Nationalrat;CH_SVP|UDC_NT;CH_NT-NR_1995;29;04dec1995;01jan1997
CH_NT-NR_1995__CH_SVP|UDC_NT__2;Fraktion der Schweizerischen Volkspartei (V) im Nationalrat;CH_SVP|UDC_NT;CH_NT-NR_1995;30;01jan1997;01jan1999
CH_NT-NR_1995__CH_SVP|UDC_NT__3;Fraktion der Schweizerischen Volkspartei (V) im Nationalrat;CH_SVP|UDC_NT;CH_NT-NR_1995;31;01jan1999;05dec1999
CH_NT-NR_1999__CH_CVP|PDC_NT;Christlichdemokratische Fraktion (C) im Nationalrat;CH_CVP|PDC_NT;CH_NT-NR_1999;35;06dec1999;01dec2003
CH_NT-NR_1999__CH_EVP|PEP_NT--CH_LdU|ADI_NT;Evangelische und Unabhängige Fraktion (E) im Nationalrat;"CH_EVP|PEP_NT;CH_LdU|ADI_NT";CH_NT-NR_1999;5;06dec1999;01dec2003
CH_NT-NR_1999__CH_Grue_NT;Grüne Fraktion (G) im Nationalrat;CH_Grue_NT;CH_NT-NR_1999;10;06dec1999;01dec2003
CH_NT-NR_1999__CH_LPS_NT;Liberale Fraktion (L) im Nationalrat;CH_LPS_NT;CH_NT-NR_1999;6;06dec1999;01dec2003
CH_NT-NR_1999__CH_none_NT__1;ohne Fraktionszugehörigkeit im Nationalrat;CH_none_NT;CH_NT-NR_1999;4;06dec1999;01jan2002
CH_NT-NR_1999__CH_none_NT__2;ohne Fraktionszugehörigkeit im Nationalrat;CH_none_NT;CH_NT-NR_1999;5;01jan2002;01dec2003
CH_NT-NR_1999__CH_SP|PS_NT__1;Sozialdemokratische Fraktion (S) im Nationalrat;CH_SP|PS_NT;CH_NT-NR_1999;53;06dec1999;01jan2002
CH_NT-NR_1999__CH_SP|PS_NT__2;Sozialdemokratische Fraktion (S) im Nationalrat;CH_SP|PS_NT;CH_NT-NR_1999;52;01jan2002;01dec2003
CH_NT-NR_1999__CH_SVP|UDC_NT__1;Fraktion der Schweizerischen Volkspartei (V) im Nationalrat;CH_SVP|UDC_NT;CH_NT-NR_1999;44;06dec1999;01jan2002
CH_NT-NR_1999__CH_SVP|UDC_NT__2;Fraktion der Schweizerischen Volkspartei (V) im Nationalrat;CH_SVP|UDC_NT;CH_NT-NR_1999;45;01jan2002;01dec2003
CH_NT-NR_2003__CH_CVP|PDC_NT;Christlichdemokratische Fraktion (C) im Nationalrat;CH_CVP|PDC_NT;CH_NT-NR_2003;28;02dec2003;02dec2007
CH_NT-NR_2003__CH_EVP|PEP_NT--CH_EDU|UDF_NT;EVP/EDU-Fraktion (E) im Nationalrat;"CH_EVP|PEP_NT;CH_EDU|UDF_NT";CH_NT-NR_2003;5;02dec2003;02dec2007
CH_NT-NR_2003__CH_Grue_NT__1;Grüne Fraktion (G) im Nationalrat;CH_Grue_NT;CH_NT-NR_2003;15;02dec2003;18apr2004
CH_NT-NR_2003__CH_Grue_NT__2;Grüne Fraktion (G) im Nationalrat;CH_Grue_NT;CH_NT-NR_2003;14;18apr2004;02dec2007
CH_NT-NR_2003__CH_none_NT__1;ohne Fraktionszugehörigkeit im Nationalrat;CH_none_NT;CH_NT-NR_2003;4;02dec2003;18apr2004
CH_NT-NR_2003__CH_none_NT__2;ohne Fraktionszugehörigkeit im Nationalrat;CH_none_NT;CH_NT-NR_2003;5;18apr2004;02dec2007
CH_NT-NR_2003__CH_SP|PS_NT;Sozialdemokratische Fraktion (S) im Nationalrat;CH_SP|PS_NT;CH_NT-NR_2003;52;02dec2003;02dec2007
CH_NT-NR_2003__CH_SVP|UDC_NT;Fraktion der Schweizerischen Volkspartei (V) im Nationalrat;CH_SVP|UDC_NT;CH_NT-NR_2003;56;02dec2003;02dec2007
CH_NT-NR_2007__CH_BDP_NT__1;Fraktion der Bürgerl.-Demokr. Partei (BD) im Nationalrat;CH_BDP_NT;CH_NT-NR_2007;4;02mar2009;07sep2009
CH_NT-NR_2007__CH_BDP_NT__2;Fraktion der Bürgerl.-Demokr. Partei (BD) im Nationalrat;CH_BDP_NT;CH_NT-NR_2007;5;07sep2009;05dec2011
CH_NT-NR_2007__CH_CVP|PDC_NT--CH_EVP|PEP_NT--CH_GLP|PVL_NT__1;CVP/EVP/glp (CEg) im Nationalrat;"CH_CVP|PDC_NT;CH_EVP|PEP_NT;CH_GLP|PVL_NT";CH_NT-NR_2007;36;03dec2007;14feb2011
CH_NT-NR_2007__CH_CVP|PDC_NT--CH_EVP|PEP_NT--CH_GLP|PVL_NT__2;CVP/EVP/glp (CEg) im Nationalrat;"CH_CVP|PDC_NT;CH_EVP|PEP_NT;CH_GLP|PVL_NT";CH_NT-NR_2007;35;14feb2011;05dec2011
CH_NT-NR_2007__CH_Grue_NT;Grüne Fraktion (G) im Nationalrat;CH_Grue_NT;CH_NT-NR_2007;22;03dec2007;05dec2011
CH_NT-NR_2007__CH_none_NT__1;ohne Fraktionszugehörigkeit im Nationalrat;CH_none_NT;CH_NT-NR_2007;1;03dec2007;15sep2008
CH_NT-NR_2007__CH_none_NT__2;ohne Fraktionszugehörigkeit im Nationalrat;CH_none_NT;CH_NT-NR_2007;5;15sep2008;02mar2009
CH_NT-NR_2007__CH_none_NT__3;ohne Fraktionszugehörigkeit im Nationalrat;CH_none_NT;CH_NT-NR_2007;1;02mar2009;07sep2009
CH_NT-NR_2007__CH_SP|PS_NT__1;Sozialdemokratische Fraktion (S) im Nationalrat;CH_SP|PS_NT;CH_NT-NR_2007;43;03dec2007;07sep2009
CH_NT-NR_2007__CH_SP|PS_NT__2;Sozialdemokratische Fraktion (S) im Nationalrat;CH_SP|PS_NT;CH_NT-NR_2007;42;07sep2009;16nov2010
CH_NT-NR_2007__CH_SP|PS_NT__3;Sozialdemokratische Fraktion (S) im Nationalrat;CH_SP|PS_NT;CH_NT-NR_2007;41;16nov2010;05dec2011
CH_NT-NR_2007__CH_SVP|UDC_NT__1;Fraktion der Schweizerischen Volkspartei (V) im Nationalrat;CH_SVP|UDC_NT;CH_NT-NR_2007;63;03dec2007;15sep2008
CH_NT-NR_2007__CH_SVP|UDC_NT__2;Fraktion der Schweizerischen Volkspartei (V) im Nationalrat;CH_SVP|UDC_NT;CH_NT-NR_2007;59;15sep2008;07sep2009
CH_NT-NR_2007__CH_SVP|UDC_NT__3;Fraktion der Schweizerischen Volkspartei (V) im Nationalrat;CH_SVP|UDC_NT;CH_NT-NR_2007;60;07sep2009;14feb2011
CH_NT-NR_2007__CH_SVP|UDC_NT__4;Fraktion der Schweizerischen Volkspartei (V) im Nationalrat;CH_SVP|UDC_NT;CH_NT-NR_2007;61;14feb2011;05dec2011
CH_NT-NR_2011__CH_BDP_NT;Fraktion der Bürgerl.-Demokr. Partei (BD) im Nationalrat;CH_BDP_NT;CH_NT-NR_2011;9;05dec2011;29nov2015
CH_NT-NR_2011__CH_CVP|PDC_NT--CH_EVP|PEP_NT;CVP/EVP (CE) im Nationalrat;"CH_CVP|PDC_NT;CH_EVP|PEP_NT";CH_NT-NR_2011;31;05dec2011;29nov2015
CH_NT-NR_2011__CH_GLP|PVL_NT;Grünliberale Fraktion (GL) im Nationalrat;CH_GLP|PVL_NT;CH_NT-NR_2011;12;05dec2011;29nov2015
CH_NT-NR_2011__CH_Grue_NT;Grüne Fraktion (G) im Nationalrat;CH_Grue_NT;CH_NT-NR_2011;15;05dec2011;29nov2015
CH_NT-NR_2011__CH_SP|PS_NT;Sozialdemokratische Fraktion (S) im Nationalrat;CH_SP|PS_NT;CH_NT-NR_2011;46;05dec2011;29nov2015
CH_NT-NR_2011__CH_SVP|UDC_NT__1;Fraktion der Schweizerischen Volkspartei (V) im Nationalrat;CH_SVP|UDC_NT;CH_NT-NR_2011;56;05dec2011;03dec2013
CH_NT-NR_2011__CH_SVP|UDC_NT__2;Fraktion der Schweizerischen Volkspartei (V) im Nationalrat;CH_SVP|UDC_NT;CH_NT-NR_2011;57;03dec2013;29nov2015
CH_NT-NR_2015__CH_BDP_NT;Fraktion der Bürgerl.-Demokr. Partei (BD) im Nationalrat;CH_BDP_NT;CH_NT-NR_2015;7;30nov2015;01jan2017
CH_NT-NR_2015__CH_CVP|PDC_NT--CH_EVP|PEP_NT;CVP/EVP (CE) im Nationalrat;"CH_CVP|PDC_NT;CH_EVP|PEP_NT";CH_NT-NR_2015;30;30nov2015;01jan2017
CH_NT-NR_2015__CH_GLP|PVL_NT;Grünliberale Fraktion (GL) im Nationalrat;CH_GLP|PVL_NT;CH_NT-NR_2015;7;30nov2015;01jan2017
CH_NT-NR_2015__CH_Grue_NT;Grüne Fraktion (G) im Nationalrat;CH_Grue_NT;CH_NT-NR_2015;12;30nov2015;01jan2017
CH_NT-NR_2015__CH_SP|PS_NT;Sozialdemokratische Fraktion (S) im Nationalrat;CH_SP|PS_NT;CH_NT-NR_2015;43;30nov2015;01jan2017
CH_NT-NR_2015__CH_SVP|UDC_NT;Fraktion der Schweizerischen Volkspartei (V) im Nationalrat;CH_SVP|UDC_NT;CH_NT-NR_2015;68;30nov2015;01jan2017
CH_NT-SR_1947__CH_BGB|PAB_NT__1;Bauern-, Gewerbe- und Bürgerfraktion (B) im Ständerat;CH_BGB|PAB_NT;CH_NT-SR_1947;4;01dec1947;01jul1949
CH_NT-SR_1947__CH_BGB|PAB_NT__2;Bauern-, Gewerbe- und Bürgerfraktion (B) im Ständerat;CH_BGB|PAB_NT;CH_NT-SR_1947;3;01jul1949;01jan1950
CH_NT-SR_1947__CH_BGB|PAB_NT__3;Bauern-, Gewerbe- und Bürgerfraktion (B) im Ständerat;CH_BGB|PAB_NT;CH_NT-SR_1947;3;01jan1950;01jul1951
CH_NT-SR_1947__CH_BGB|PAB_NT__4;Bauern-, Gewerbe- und Bürgerfraktion (B) im Ständerat;CH_BGB|PAB_NT;CH_NT-SR_1947;4;01jul1951;02dec1951
CH_NT-SR_1947__CH_CVP|PDC_NT__1;Katholisch-Konservative Fraktion (K) im Ständerat;CH_CVP|PDC_NT;CH_NT-SR_1947;18;01dec1947;01jan1950
CH_NT-SR_1947__CH_CVP|PDC_NT__2;Katholisch-Konservative Fraktion (K) im Ständerat;CH_CVP|PDC_NT;CH_NT-SR_1947;17;01jan1950;01jul1950
CH_NT-SR_1947__CH_CVP|PDC_NT__3;Katholisch-Konservative Fraktion (K) im Ständerat;CH_CVP|PDC_NT;CH_NT-SR_1947;18;01jul1950;02dec1951
CH_NT-SR_1947__CH_DP|DEM_NT;Demokratische Fraktion (D) im Ständerat;CH_DP|DEM_NT;CH_NT-SR_1947;2;01dec1947;02dec1951
CH_NT-SR_1947__CH_LdU|ADI_NT__1;Fraktion des Landesrings (U) im Ständerat;CH_LdU|ADI_NT;CH_NT-SR_1947;0;01dec1947;01jan1950
CH_NT-SR_1947__CH_LdU|ADI_NT__2;Fraktion des Landesrings (U) im Ständerat;CH_LdU|ADI_NT;CH_NT-SR_1947;1;01jan1950;01jul1951
CH_NT-SR_1947__CH_LdU|ADI_NT__3;Fraktion des Landesrings (U) im Ständerat;CH_LdU|ADI_NT;CH_NT-SR_1947;0;01jul1951;02dec1951
CH_NT-SR_1947__CH_LPS_NT__1;Liberal-demokratische Fraktion (L) im Ständerat;CH_LPS_NT;CH_NT-SR_1947;2;01dec1947;01jul1949
CH_NT-SR_1947__CH_LPS_NT__2;Liberal-demokratische Fraktion (L) im Ständerat;CH_LPS_NT;CH_NT-SR_1947;3;01jul1949;01jul1951
CH_NT-SR_1947__CH_LPS_NT__3;Liberal-demokratische Fraktion (L) im Ständerat;CH_LPS_NT;CH_NT-SR_1947;2;01jul1951;02dec1951
CH_NT-SR_1947__CH_none_NT;ohne Fraktionszugehörigkeit im Ständerat;CH_none_NT;CH_NT-SR_1947;2;01dec1947;02dec1951
CH_NT-SR_1947__CH_PdA_NT;Fraktion der Partei der Arbeit (T) im Ständerat;CH_PdA_NT;CH_NT-SR_1947;0;01dec1947;02dec1951
CH_NT-SR_1947__CH_SP|PS_NT__1;Sozialdemokratische Fraktion (S) im Ständerat;CH_SP|PS_NT;CH_NT-SR_1947;5;01dec1947;01jul1949
CH_NT-SR_1947__CH_SP|PS_NT__2;Sozialdemokratische Fraktion (S) im Ständerat;CH_SP|PS_NT;CH_NT-SR_1947;4;01jul1949;01jul1951
CH_NT-SR_1947__CH_SP|PS_NT__3;Sozialdemokratische Fraktion (S) im Ständerat;CH_SP|PS_NT;CH_NT-SR_1947;5;01jul1951;02dec1951
CH_NT-SR_1947__CH_Vacant_NT;nicht besetzte Sitze im Ständerat;CH_Vacant_NT;CH_NT-SR_1947;1;01jul1949;01jul1950
CH_NT-SR_1951__CH_BGB|PAB_NT;Bauern-, Gewerbe- und Bürgerfraktion (B) im Ständerat;CH_BGB|PAB_NT;CH_NT-SR_1951;3;03dec1951;04dec1955
CH_NT-SR_1951__CH_CVP|PDC_NT;Katholisch-Konservative Fraktion (K) im Ständerat;CH_CVP|PDC_NT;CH_NT-SR_1951;18;03dec1951;04dec1955
CH_NT-SR_1951__CH_DP|DEM_NT--CH_EVP|PEP_NT;Demokratische und evangelische Fraktion (D) im Ständerat;"CH_DP|DEM_NT;CH_EVP|PEP_NT";CH_NT-SR_1951;2;03dec1951;04dec1955
CH_NT-SR_1951__CH_LdU|ADI_NT;Fraktion des Landesrings (U) im Ständerat;CH_LdU|ADI_NT;CH_NT-SR_1951;0;03dec1951;04dec1955
CH_NT-SR_1951__CH_LPS_NT;Liberal-demokratische Fraktion (L) im Ständerat;CH_LPS_NT;CH_NT-SR_1951;3;03dec1951;04dec1955
CH_NT-SR_1951__CH_none_NT;ohne Fraktionszugehörigkeit im Ständerat;CH_none_NT;CH_NT-SR_1951;2;03dec1951;04dec1955
CH_NT-SR_1951__CH_PdA_NT;Fraktion der Partei der Arbeit (T) im Ständerat;CH_PdA_NT;CH_NT-SR_1951;0;01jul1952;01jan1953
CH_NT-SR_1951__CH_SP|PS_NT;Sozialdemokratische Fraktion (S) im Ständerat;CH_SP|PS_NT;CH_NT-SR_1951;4;03dec1951;04dec1955
CH_NT-SR_1955__CH_BGB|PAB_NT;Bauern-, Gewerbe- und Bürgerfraktion (B) im Ständerat;CH_BGB|PAB_NT;CH_NT-SR_1955;3;05dec1955;06dec1959
CH_NT-SR_1955__CH_CVP|PDC_NT__1;Katholisch-Konservative Fraktion (K) im Ständerat;CH_CVP|PDC_NT;CH_NT-SR_1955;17;05dec1955;01jan1958
CH_NT-SR_1955__CH_CVP|PDC_NT__2;Konservativ-christlichsoziale Fraktion (K) im Ständerat;CH_CVP|PDC_NT;CH_NT-SR_1955;17;01jan1958;06dec1959
CH_NT-SR_1955__CH_DP|DEM_NT--CH_EVP|PEP_NT;Demokratische und evangelische Fraktion (D) im Ständerat;"CH_DP|DEM_NT;CH_EVP|PEP_NT";CH_NT-SR_1955;2;05dec1955;06dec1959
CH_NT-SR_1955__CH_LdU|ADI_NT;Fraktion des Landesrings (U) im Ständerat;CH_LdU|ADI_NT;CH_NT-SR_1955;0;05dec1955;06dec1959
CH_NT-SR_1955__CH_LPS_NT;Liberal-demokratische Fraktion (L) im Ständerat;CH_LPS_NT;CH_NT-SR_1955;3;05dec1955;06dec1959
CH_NT-SR_1955__CH_none_NT;ohne Fraktionszugehörigkeit im Ständerat;CH_none_NT;CH_NT-SR_1955;2;05dec1955;06dec1959
CH_NT-SR_1955__CH_SP|PS_NT;Sozialdemokratische Fraktion (S) im Ständerat;CH_SP|PS_NT;CH_NT-SR_1955;5;05dec1955;06dec1959
CH_NT-SR_1959__CH_BGB|PAB_NT;Bauern-, Gewerbe- und Bürgerfraktion (B) im Ständerat;CH_BGB|PAB_NT;CH_NT-SR_1959;4;07dec1959;01dec1963
CH_NT-SR_1959__CH_CVP|PDC_NT__1;Konservativ-christlichsoziale Fraktion (K) im Ständerat;CH_CVP|PDC_NT;CH_NT-SR_1959;17;07dec1959;01jan1961
CH_NT-SR_1959__CH_CVP|PDC_NT__2;Konservativ-christlichsoziale Fraktion (K) im Ständerat;CH_CVP|PDC_NT;CH_NT-SR_1959;18;01jan1961;01dec1963
CH_NT-SR_1959__CH_DP|DEM_NT--CH_EVP|PEP_NT__1;Demokratische und evangelische Fraktion (D) im Ständerat;"CH_DP|DEM_NT;CH_EVP|PEP_NT";CH_NT-SR_1959;1;07dec1959;01jan1963
CH_NT-SR_1959__CH_DP|DEM_NT--CH_EVP|PEP_NT__2;Demokratische und evangelische Fraktion (D) im Ständerat;"CH_DP|DEM_NT;CH_EVP|PEP_NT";CH_NT-SR_1959;3;01jan1963;01dec1963
CH_NT-SR_1959__CH_LdU|ADI_NT;Fraktion des Landesrings (U) im Ständerat;CH_LdU|ADI_NT;CH_NT-SR_1959;0;07dec1959;01dec1963
CH_NT-SR_1959__CH_LPS_NT;Liberal-demokratische Fraktion (L) im Ständerat;CH_LPS_NT;CH_NT-SR_1959;3;07dec1959;01dec1963
CH_NT-SR_1959__CH_none_NT__1;ohne Fraktionszugehörigkeit im Ständerat;CH_none_NT;CH_NT-SR_1959;3;07dec1959;01jan1961
CH_NT-SR_1959__CH_none_NT__2;ohne Fraktionszugehörigkeit im Ständerat;CH_none_NT;CH_NT-SR_1959;2;01jan1961;01jan1963
CH_NT-SR_1959__CH_SP|PS_NT;Sozialdemokratische Fraktion (S) im Ständerat;CH_SP|PS_NT;CH_NT-SR_1959;2;07dec1959;01dec1963
CH_NT-SR_1963__CH_BGB|PAB_NT;Bauern-, Gewerbe- und Bürgerfraktion (B) im Ständerat;CH_BGB|PAB_NT;CH_NT-SR_1963;4;02dec1963;03dec1967
CH_NT-SR_1963__CH_CVP|PDC_NT;Konservativ-christlichsoziale Fraktion (K) im Ständerat;CH_CVP|PDC_NT;CH_NT-SR_1963;18;02dec1963;03dec1967
CH_NT-SR_1963__CH_DP|DEM_NT--CH_EVP|PEP_NT;Demokratische und evangelische Fraktion (D) im Ständerat;"CH_DP|DEM_NT;CH_EVP|PEP_NT";CH_NT-SR_1963;3;02dec1963;03dec1967
CH_NT-SR_1963__CH_LdU|ADI_NT;Fraktion des Landesrings (U) im Ständerat;CH_LdU|ADI_NT;CH_NT-SR_1963;0;02dec1963;03dec1967
CH_NT-SR_1963__CH_LPS_NT;Liberal-demokratische Fraktion (L) im Ständerat;CH_LPS_NT;CH_NT-SR_1963;3;02dec1963;03dec1967
CH_NT-SR_1963__CH_none_NT;ohne Fraktionszugehörigkeit im Ständerat;CH_none_NT;CH_NT-SR_1963;0;02dec1963;03dec1967
CH_NT-SR_1963__CH_SP|PS_NT;Sozialdemokratische Fraktion (S) im Ständerat;CH_SP|PS_NT;CH_NT-SR_1963;3;02dec1963;03dec1967
CH_NT-SR_1967__CH_BGB|PAB_NT;Bauern-, Gewerbe- und Bürgerfraktion (B) im Ständerat;CH_BGB|PAB_NT;CH_NT-SR_1967;3;04dec1967;28nov1971
CH_NT-SR_1967__CH_CVP|PDC_NT__1;Christlichdemokratische Fraktion (C) im Ständerat;CH_CVP|PDC_NT;CH_NT-SR_1967;17;01jan1971;28nov1971
CH_NT-SR_1967__CH_CVP|PDC_NT__2;Konservativ-christlichsoziale Fraktion (K) im Ständerat;CH_CVP|PDC_NT;CH_NT-SR_1967;18;04dec1967;01jan1971
CH_NT-SR_1967__CH_DP|DEM_NT--CH_EVP|PEP_NT__1;Demokratische und evangelische Fraktion (D) im Ständerat;"CH_DP|DEM_NT;CH_EVP|PEP_NT";CH_NT-SR_1967;3;04dec1967;01jan1969
CH_NT-SR_1967__CH_DP|DEM_NT--CH_EVP|PEP_NT__2;Demokratische und evangelische Fraktion (D) im Ständerat;"CH_DP|DEM_NT;CH_EVP|PEP_NT";CH_NT-SR_1967;2;01jan1969;28nov1971
CH_NT-SR_1967__CH_LdU|ADI_NT;Fraktion des Landesrings (U) im Ständerat;CH_LdU|ADI_NT;CH_NT-SR_1967;1;04dec1967;28nov1971
CH_NT-SR_1967__CH_LPS_NT;Liberal-demokratische Fraktion (L) im Ständerat;CH_LPS_NT;CH_NT-SR_1967;3;04dec1967;28nov1971
CH_NT-SR_1967__CH_none_NT;ohne Fraktionszugehörigkeit im Ständerat;CH_none_NT;CH_NT-SR_1967;0;04dec1967;28nov1971
CH_NT-SR_1967__CH_PdA_NT;Fraktion der Partei der Arbeit (T) im Ständerat;CH_PdA_NT;CH_NT-SR_1967;0;04dec1967;28nov1971
CH_NT-SR_1967__CH_SP|PS_NT;Sozialdemokratische Fraktion (S) im Ständerat;CH_SP|PS_NT;CH_NT-SR_1967;2;04dec1967;28nov1971
CH_NT-SR_1971__CH_CVP|PDC_NT;Christlichdemokratische Fraktion (C) im Ständerat;CH_CVP|PDC_NT;CH_NT-SR_1971;17;29nov1971;30nov1975
CH_NT-SR_1971__CH_EVP|PEP_NT--CH_LPS_NT;Liberale und evangelische Fraktion (L) im Ständerat;"CH_EVP|PEP_NT;CH_LPS_NT";CH_NT-SR_1971;2;29nov1971;30nov1975
CH_NT-SR_1971__CH_LdU|ADI_NT;Fraktion des Landesrings (U) im Ständerat;CH_LdU|ADI_NT;CH_NT-SR_1971;1;29nov1971;30nov1975
CH_NT-SR_1971__CH_NA|SD_NT--CH_RB_NT;Republikanische und nationale Fraktion (P) im Ständerat;"CH_NA|SD_NT;CH_RB_NT";CH_NT-SR_1971;0;01jan1973;30nov1975
CH_NT-SR_1971__CH_none_NT;ohne Fraktionszugehörigkeit im Ständerat;CH_none_NT;CH_NT-SR_1971;0;29nov1971;30nov1975
CH_NT-SR_1971__CH_PdA_NT;Fraktion der Partei der Arbeit (T) im Ständerat;CH_PdA_NT;CH_NT-SR_1971;0;29nov1971;30nov1975
CH_NT-SR_1971__CH_RB_NT;Fraktion der Republikaner (P) im Ständerat;CH_RB_NT;CH_NT-SR_1971;0;29nov1971;01jan1973
CH_NT-SR_1971__CH_SP|PS_NT;Sozialdemokratische Fraktion (S) im Ständerat;CH_SP|PS_NT;CH_NT-SR_1971;4;29nov1971;30nov1975
CH_NT-SR_1971__CH_SVP|UDC_NT;Fraktion der Schweizerischen Volkspartei (V) im Ständerat;CH_SVP|UDC_NT;CH_NT-SR_1971;5;29nov1971;30nov1975
CH_NT-SR_1975__CH_CVP|PDC_NT;Christlichdemokratische Fraktion (C) im Ständerat;CH_CVP|PDC_NT;CH_NT-SR_1975;17;01dec1975;25nov1979
CH_NT-SR_1975__CH_EVP|PEP_NT--CH_LPS_NT;Liberale und evangelische Fraktion (L) im Ständerat;"CH_EVP|PEP_NT;CH_LPS_NT";CH_NT-SR_1975;1;01dec1975;25nov1979
CH_NT-SR_1975__CH_LdU|ADI_NT;Fraktion des Landesrings (U) im Ständerat;CH_LdU|ADI_NT;CH_NT-SR_1975;1;01dec1975;25nov1979
CH_NT-SR_1975__CH_none_NT;ohne Fraktionszugehörigkeit im Ständerat;CH_none_NT;CH_NT-SR_1975;0;01dec1975;25nov1979
CH_NT-SR_1975__CH_PdA_NT--CH_PSA_NT;Partei der Arbeit u. autonome sozialist. Partei (T) im Ständerat;"CH_PdA_NT;CH_PSA_NT";CH_NT-SR_1975;0;01dec1975;25nov1979
CH_NT-SR_1975__CH_SP|PS_NT__1;Sozialdemokratische Fraktion (S) im Ständerat;CH_SP|PS_NT;CH_NT-SR_1975;5;01dec1975;01jan1978
CH_NT-SR_1975__CH_SP|PS_NT__2;Sozialdemokratische Fraktion (S) im Ständerat;CH_SP|PS_NT;CH_NT-SR_1975;6;01jan1978;01jan1979
CH_NT-SR_1975__CH_SP|PS_NT__3;Sozialdemokratische Fraktion (S) im Ständerat;CH_SP|PS_NT;CH_NT-SR_1975;7;01jan1979;25nov1979
CH_NT-SR_1975__CH_SVP|UDC_NT__1;Fraktion der Schweizerischen Volkspartei (V) im Ständerat;CH_SVP|UDC_NT;CH_NT-SR_1975;5;01dec1975;01jan1979
CH_NT-SR_1975__CH_SVP|UDC_NT__2;Fraktion der Schweizerischen Volkspartei (V) im Ständerat;CH_SVP|UDC_NT;CH_NT-SR_1975;4;01jan1979;25nov1979
CH_NT-SR_1979__CH_CVP|PDC_NT;Christlichdemokratische Fraktion (C) im Ständerat;CH_CVP|PDC_NT;CH_NT-SR_1979;18;26nov1979;27nov1983
CH_NT-SR_1979__CH_EVP|PEP_NT--CH_LdU|ADI_NT;Unabhängige und evangelische Fraktion (UE) im Ständerat;"CH_EVP|PEP_NT;CH_LdU|ADI_NT";CH_NT-SR_1979;0;26nov1979;27nov1983
CH_NT-SR_1979__CH_LPS_NT;Liberale Fraktion (L) im Ständerat;CH_LPS_NT;CH_NT-SR_1979;3;26nov1979;27nov1983
CH_NT-SR_1979__CH_none_NT;ohne Fraktionszugehörigkeit im Ständerat;CH_none_NT;CH_NT-SR_1979;0;26nov1979;27nov1983
CH_NT-SR_1979__CH_PdA_NT--CH_PSA_NT--CH_POCH_NT;Fraktion der PdA, PSA, POCH (T) im Ständerat;"CH_PdA_NT;CH_PSA_NT;CH_POCH_NT";CH_NT-SR_1979;0;26nov1979;27nov1983
CH_NT-SR_1979__CH_SP|PS_NT;Sozialdemokratische Fraktion (S) im Ständerat;CH_SP|PS_NT;CH_NT-SR_1979;9;26nov1979;27nov1983
CH_NT-SR_1979__CH_SVP|UDC_NT;Fraktion der Schweizerischen Volkspartei (V) im Ständerat;CH_SVP|UDC_NT;CH_NT-SR_1979;5;26nov1979;27nov1983
CH_NT-SR_1983__CH_CVP|PDC_NT;Christlichdemokratische Fraktion (C) im Ständerat;CH_CVP|PDC_NT;CH_NT-SR_1983;18;28nov1983;29nov1987
CH_NT-SR_1983__CH_EVP|PEP_NT--CH_LdU|ADI_NT;LdU/EVP-Fraktion (U) im Ständerat;"CH_EVP|PEP_NT;CH_LdU|ADI_NT";CH_NT-SR_1983;0;28nov1983;29nov1987
CH_NT-SR_1983__CH_LPS_NT;Liberale Fraktion (L) im Ständerat;CH_LPS_NT;CH_NT-SR_1983;3;28nov1983;29nov1987
CH_NT-SR_1983__CH_NA|SD_NT;Fraktion der Nationalen Aktion / Vigilants (N) im Ständerat;CH_NA|SD_NT;CH_NT-SR_1983;0;28nov1983;29nov1987
CH_NT-SR_1983__CH_none_NT;ohne Fraktionszugehörigkeit im Ständerat;CH_none_NT;CH_NT-SR_1983;0;28nov1983;29nov1987
CH_NT-SR_1983__CH_PdA_NT--CH_PSA_NT--CH_POCH_NT;Fraktion der PdA, PSA, POCH (T) im Ständerat;"CH_PdA_NT;CH_PSA_NT;CH_POCH_NT";CH_NT-SR_1983;0;28nov1983;29nov1987
CH_NT-SR_1983__CH_SP|PS_NT;Sozialdemokratische Fraktion (S) im Ständerat;CH_SP|PS_NT;CH_NT-SR_1983;6;28nov1983;29nov1987
CH_NT-SR_1983__CH_SVP|UDC_NT;Fraktion der Schweizerischen Volkspartei (V) im Ständerat;CH_SVP|UDC_NT;CH_NT-SR_1983;5;28nov1983;29nov1987
CH_NT-SR_1987__CH_CVP|PDC_NT;Christlichdemokratische Fraktion (C) im Ständerat;CH_CVP|PDC_NT;CH_NT-SR_1987;19;30nov1987;24nov1991
CH_NT-SR_1987__CH_EVP|PEP_NT--CH_LdU|ADI_NT;LdU/EVP-Fraktion (U) im Ständerat;"CH_EVP|PEP_NT;CH_LdU|ADI_NT";CH_NT-SR_1987;1;30nov1987;24nov1991
CH_NT-SR_1987__CH_Grue_NT;Grüne Fraktion (G) im Ständerat;CH_Grue_NT;CH_NT-SR_1987;0;30nov1987;24nov1991
CH_NT-SR_1987__CH_LPS_NT;Liberale Fraktion (L) im Ständerat;CH_LPS_NT;CH_NT-SR_1987;3;30nov1987;24nov1991
CH_NT-SR_1987__CH_none_NT;ohne Fraktionszugehörigkeit im Ständerat;CH_none_NT;CH_NT-SR_1987;0;30nov1987;24nov1991
CH_NT-SR_1987__CH_SP|PS_NT;Sozialdemokratische Fraktion (S) im Ständerat;CH_SP|PS_NT;CH_NT-SR_1987;5;30nov1987;24nov1991
CH_NT-SR_1987__CH_SVP|UDC_NT;Fraktion der Schweizerischen Volkspartei (V) im Ständerat;CH_SVP|UDC_NT;CH_NT-SR_1987;4;30nov1987;24nov1991
CH_NT-SR_1991__CH_CVP|PDC_NT;Christlichdemokratische Fraktion (C) im Ständerat;CH_CVP|PDC_NT;CH_NT-SR_1991;16;25nov1991;03dec1995
CH_NT-SR_1991__CH_EVP|PEP_NT--CH_LdU|ADI_NT;LdU/EVP-Fraktion (U) im Ständerat;"CH_EVP|PEP_NT;CH_LdU|ADI_NT";CH_NT-SR_1991;1;25nov1991;03dec1995
CH_NT-SR_1991__CH_FPS_NT;Fraktion der Autopartei (A) im Ständerat;CH_FPS_NT;CH_NT-SR_1991;0;25nov1991;03dec1995
CH_NT-SR_1991__CH_Grue_NT;Grüne Fraktion (G) im Ständerat;CH_Grue_NT;CH_NT-SR_1991;0;25nov1991;03dec1995
CH_NT-SR_1991__CH_LPS_NT;Liberale Fraktion (L) im Ständerat;CH_LPS_NT;CH_NT-SR_1991;3;25nov1991;03dec1995
CH_NT-SR_1991__CH_NA|SD_NT--CH_LdT_NT;Fraktion Schweizer Demokraten u. Lega (D) im Ständerat;"CH_NA|SD_NT;CH_LdT_NT";CH_NT-SR_1991;1;25nov1991;03dec1995
CH_NT-SR_1991__CH_none_NT;ohne Fraktionszugehörigkeit im Ständerat;CH_none_NT;CH_NT-SR_1991;0;25nov1991;03dec1995
CH_NT-SR_1991__CH_SP|PS_NT;Sozialdemokratische Fraktion (S) im Ständerat;CH_SP|PS_NT;CH_NT-SR_1991;3;25nov1991;03dec1995
CH_NT-SR_1991__CH_SVP|UDC_NT;Fraktion der Schweizerischen Volkspartei (V) im Ständerat;CH_SVP|UDC_NT;CH_NT-SR_1991;4;25nov1991;03dec1995
CH_NT-SR_1995__CH_CVP|PDC_NT__1;Christlichdemokratische Fraktion (C) im Ständerat;CH_CVP|PDC_NT;CH_NT-SR_1995;16;04dec1995;01jan1999
CH_NT-SR_1995__CH_CVP|PDC_NT__2;Christlichdemokratische Fraktion (C) im Ständerat;CH_CVP|PDC_NT;CH_NT-SR_1995;15;01jan1999;05dec1999
CH_NT-SR_1995__CH_EVP|PEP_NT--CH_LdU|ADI_NT__1;LdU/EVP-Fraktion (U) im Ständerat;"CH_EVP|PEP_NT;CH_LdU|ADI_NT";CH_NT-SR_1995;1;04dec1995;01jan1999
CH_NT-SR_1995__CH_EVP|PEP_NT--CH_LdU|ADI_NT__2;LdU/EVP-Fraktion (U) im Ständerat;"CH_EVP|PEP_NT;CH_LdU|ADI_NT";CH_NT-SR_1995;0;01jan1999;05dec1999
CH_NT-SR_1995__CH_FPS_NT;Fraktion der Freiheitspartei (F) im Ständerat;CH_FPS_NT;CH_NT-SR_1995;0;04dec1995;05dec1999
CH_NT-SR_1995__CH_Grue_NT;Grüne Fraktion (G) im Ständerat;CH_Grue_NT;CH_NT-SR_1995;0;01jan1997;05dec1999
CH_NT-SR_1995__CH_LPS_NT;Liberale Fraktion (L) im Ständerat;CH_LPS_NT;CH_NT-SR_1995;2;04dec1995;05dec1999
CH_NT-SR_1995__CH_NA|SD_NT--CH_LdT_NT;Fraktion Schweizer Demokraten u. Lega (D) im Ständerat;"CH_NA|SD_NT;CH_LdT_NT";CH_NT-SR_1995;0;04dec1995;01jan1999
CH_NT-SR_1995__CH_none_NT;ohne Fraktionszugehörigkeit im Ständerat;CH_none_NT;CH_NT-SR_1995;0;01jan1997;05dec1999
CH_NT-SR_1995__CH_SP|PS_NT;Sozialdemokratische Fraktion (S) im Ständerat;CH_SP|PS_NT;CH_NT-SR_1995;5;04dec1995;05dec1999
CH_NT-SR_1995__CH_SVP|UDC_NT__1;Fraktion der Schweizerischen Volkspartei (V) im Ständerat;CH_SVP|UDC_NT;CH_NT-SR_1995;5;04dec1995;01jan1999
CH_NT-SR_1995__CH_SVP|UDC_NT__2;Fraktion der Schweizerischen Volkspartei (V) im Ständerat;CH_SVP|UDC_NT;CH_NT-SR_1995;7;01jan1999;05dec1999
CH_NT-SR_1999__CH_CVP|PDC_NT;Christlichdemokratische Fraktion (C) im Ständerat;CH_CVP|PDC_NT;CH_NT-SR_1999;15;06dec1999;01dec2003
CH_NT-SR_1999__CH_EVP|PEP_NT--CH_LdU|ADI_NT;Evangelische und Unabhängige Fraktion (E) im Ständerat;"CH_EVP|PEP_NT;CH_LdU|ADI_NT";CH_NT-SR_1999;0;06dec1999;01dec2003
CH_NT-SR_1999__CH_Grue_NT;Grüne Fraktion (G) im Ständerat;CH_Grue_NT;CH_NT-SR_1999;0;06dec1999;01dec2003
CH_NT-SR_1999__CH_LPS_NT;Liberale Fraktion (L) im Ständerat;CH_LPS_NT;CH_NT-SR_1999;0;06dec1999;01dec2003
CH_NT-SR_1999__CH_none_NT;ohne Fraktionszugehörigkeit im Ständerat;CH_none_NT;CH_NT-SR_1999;0;06dec1999;01dec2003
CH_NT-SR_1999__CH_SP|PS_NT;Sozialdemokratische Fraktion (S) im Ständerat;CH_SP|PS_NT;CH_NT-SR_1999;6;06dec1999;01dec2003
CH_NT-SR_1999__CH_SVP|UDC_NT;Fraktion der Schweizerischen Volkspartei (V) im Ständerat;CH_SVP|UDC_NT;CH_NT-SR_1999;7;06dec1999;01dec2003
CH_NT-SR_2003__CH_CVP|PDC_NT;Christlichdemokratische Fraktion (C) im Ständerat;CH_CVP|PDC_NT;CH_NT-SR_2003;15;02dec2003;02dec2007
CH_NT-SR_2003__CH_EVP|PEP_NT--CH_EDU|UDF_NT;EVP/EDU-Fraktion (E) im Ständerat;"CH_EVP|PEP_NT;CH_EDU|UDF_NT";CH_NT-SR_2003;0;02dec2003;02dec2007
CH_NT-SR_2003__CH_Grue_NT;Grüne Fraktion (G) im Ständerat;CH_Grue_NT;CH_NT-SR_2003;0;02dec2003;02dec2007
CH_NT-SR_2003__CH_none_NT;ohne Fraktionszugehörigkeit im Ständerat;CH_none_NT;CH_NT-SR_2003;0;02dec2003;02dec2007
CH_NT-SR_2003__CH_SP|PS_NT;Sozialdemokratische Fraktion (S) im Ständerat;CH_SP|PS_NT;CH_NT-SR_2003;9;02dec2003;02dec2007
CH_NT-SR_2003__CH_SVP|UDC_NT;Fraktion der Schweizerischen Volkspartei (V) im Ständerat;CH_SVP|UDC_NT;CH_NT-SR_2003;8;02dec2003;02dec2007
CH_NT-SR_2007__CH_BDP_NT;Fraktion der Bürgerl.-Demokr. Partei (BD) im Ständerat;CH_BDP_NT;CH_NT-SR_2007;1;02mar2009;05dec2011
CH_NT-SR_2007__CH_CVP|PDC_NT--CH_EVP|PEP_NT--CH_GLP|PVL_NT;CVP/EVP/glp (CEg) im Ständerat;"CH_CVP|PDC_NT;CH_EVP|PEP_NT;CH_GLP|PVL_NT";CH_NT-SR_2007;16;03dec2007;05dec2011
CH_NT-SR_2007__CH_Grue_NT;Grüne Fraktion (G) im Ständerat;CH_Grue_NT;CH_NT-SR_2007;2;03dec2007;05dec2011
CH_NT-SR_2007__CH_none_NT__1;ohne Fraktionszugehörigkeit im Ständerat;CH_none_NT;CH_NT-SR_2007;0;03dec2007;15sep2008
CH_NT-SR_2007__CH_none_NT__2;ohne Fraktionszugehörigkeit im Ständerat;CH_none_NT;CH_NT-SR_2007;1;15sep2008;02mar2009
CH_NT-SR_2007__CH_none_NT__3;ohne Fraktionszugehörigkeit im Ständerat;CH_none_NT;CH_NT-SR_2007;0;02mar2009;07sep2009
CH_NT-SR_2007__CH_none_NT__4;ohne Fraktionszugehörigkeit im Ständerat;CH_none_NT;CH_NT-SR_2007;0;07sep2009;05dec2011
CH_NT-SR_2007__CH_SP|PS_NT__1;Sozialdemokratische Fraktion (S) im Ständerat;CH_SP|PS_NT;CH_NT-SR_2007;9;03dec2007;05mar2011
CH_NT-SR_2007__CH_SP|PS_NT__2;Sozialdemokratische Fraktion (S) im Ständerat;CH_SP|PS_NT;CH_NT-SR_2007;8;06mar2011;05dec2011
CH_NT-SR_2007__CH_SVP|UDC_NT__1;Fraktion der Schweizerischen Volkspartei (V) im Ständerat;CH_SVP|UDC_NT;CH_NT-SR_2007;7;03dec2007;15sep2008
CH_NT-SR_2007__CH_SVP|UDC_NT__2;Fraktion der Schweizerischen Volkspartei (V) im Ständerat;CH_SVP|UDC_NT;CH_NT-SR_2007;6;15sep2008;05mar2011
CH_NT-SR_2007__CH_SVP|UDC_NT__3;Fraktion der Schweizerischen Volkspartei (V) im Ständerat;CH_SVP|UDC_NT;CH_NT-SR_2007;7;06mar2011;05dec2011
CH_NT-SR_2011__CH_BDP_NT;Fraktion der Bürgerl.-Demokr. Partei (BD) im Ständerat;CH_BDP_NT;CH_NT-SR_2011;1;05dec2011;29nov2015
CH_NT-SR_2011__CH_CVP|PDC_NT--CH_EVP|PEP_NT;CVP/EVP (CE) im Ständerat;"CH_CVP|PDC_NT;CH_EVP|PEP_NT";CH_NT-SR_2011;13;05dec2011;29nov2015
CH_NT-SR_2011__CH_GLP|PVL_NT;Grünliberale Fraktion (GL) im Ständerat;CH_GLP|PVL_NT;CH_NT-SR_2011;2;05dec2011;29nov2015
CH_NT-SR_2011__CH_Grue_NT;Grüne Fraktion (G) im Ständerat;CH_Grue_NT;CH_NT-SR_2011;2;05dec2011;29nov2015
CH_NT-SR_2011__CH_none_NT;ohne Fraktionszugehörigkeit im Ständerat;CH_none_NT;CH_NT-SR_2011;0;05dec2011;29nov2015
CH_NT-SR_2011__CH_SP|PS_NT;Sozialdemokratische Fraktion (S) im Ständerat;CH_SP|PS_NT;CH_NT-SR_2011;11;05dec2011;29nov2015
CH_NT-SR_2011__CH_SVP|UDC_NT;Fraktion der Schweizerischen Volkspartei (V) im Ständerat;CH_SVP|UDC_NT;CH_NT-SR_2011;6;05dec2011;29nov2015
CH_NT-SR_2015__CH_BDP_NT;Fraktion der Bürgerl.-Demokr. Partei (BD) im Ständerat;CH_BDP_NT;CH_NT-SR_2015;1;30nov2015;01jan2017
CH_NT-SR_2015__CH_CVP|PDC_NT--CH_EVP|PEP_NT;CVP/EVP (CE) im Ständerat;"CH_CVP|PDC_NT;CH_EVP|PEP_NT";CH_NT-SR_2015;13;30nov2015;01jan2017
CH_NT-SR_2015__CH_GLP|PVL_NT;Grünliberale Fraktion (GL) im Ständerat;CH_GLP|PVL_NT;CH_NT-SR_2015;0;30nov2015;01jan2017
CH_NT-SR_2015__CH_Grue_NT;Grüne Fraktion (G) im Ständerat;CH_Grue_NT;CH_NT-SR_2015;1;30nov2015;01jan2017
CH_NT-SR_2015__CH_SP|PS_NT;Sozialdemokratische Fraktion (S) im Ständerat;CH_SP|PS_NT;CH_NT-SR_2015;12;30nov2015;01jan2017
CH_NT-SR_2015__CH_SVP|UDC_NT;Fraktion der Schweizerischen Volkspartei (V) im Ständerat;CH_SVP|UDC_NT;CH_NT-SR_2015;6;30nov2015;01jan2017
NL_NT-TK_1971__NL_DS70_NT;DS70;NL_DS70_NT;NL_NT-TK_1971;8;12may1971;07dec1972
NL_NT-TK_1971__NL_PvdA_NT;PvdA;NL_PvdA_NT;NL_NT-TK_1971;39;12may1971;07dec1972
NL_NT-TK_1971__NL_KVP_NT;KVP;NL_KVP_NT;NL_NT-TK_1971;35;12may1971;07dec1972
NL_NT-TK_1971__NL_VVD_NT;VVD;NL_VVD_NT;NL_NT-TK_1971;16;12may1971;07dec1972
NL_NT-TK_1971__NL_ARP_NT;ARP;NL_ARP_NT;NL_NT-TK_1971;13;12may1971;07dec1972
NL_NT-TK_1971__NL_D66_NT;D66;NL_D66_NT;NL_NT-TK_1971;11;12may1971;07dec1972
NL_NT-TK_1971__NL_CHU_NT;CHU;NL_CHU_NT;NL_NT-TK_1971;10;12may1971;07dec1972
NL_NT-TK_1971__NL_CPN_NT;CPN;NL_CPN_NT;NL_NT-TK_1971;6;12may1971;07dec1972
NL_NT-TK_1971__NL_SGP_NT;SGP;NL_SGP_NT;NL_NT-TK_1971;3;12may1971;07dec1972
NL_NT-TK_1971__NL_PPR_NT;PPR;NL_PPR_NT;NL_NT-TK_1971;2;12may1971;07dec1972
NL_NT-TK_1971__NL_GPV_NT;GPV;NL_GPV_NT;NL_NT-TK_1971;2;12may1971;07dec1972
NL_NT-TK_1971__NL_NMP_NT;NMP;NL_NMP_NT;NL_NT-TK_1971;2;12may1971;07dec1972
NL_NT-TK_1971__NL_PSP_NT;PSP;NL_PSP_NT;NL_NT-TK_1971;2;12may1971;07dec1972
NL_NT-TK_1971__NL_Bp_NT;BP;NL_Bp_NT;NL_NT-TK_1971;1;12may1971;07dec1972
NL_NT-TK_1977__NL_KVP_NT;KVP;NL_KVP_NT;NL_NT-TK_1977;27;09jun1977;10jun1981
NL_NT-TK_1977__NL_ARP_NT;ARP;NL_ARP_NT;NL_NT-TK_1977;14;09jun1977;10jun1981
NL_NT-TK_1977__NL_CHU_NT;CHU;NL_CHU_NT;NL_NT-TK_1977;7;09jun1977;10jun1981
CH_NT-NR_1947__CH_FDP|PRD_NT;Radikal-demokratische Fraktion (R) im Nationalrat;CH_FDP|PRD_NT;CH_NT-NR_1947;52;01jul1948;02dec1951
CH_NT-NR_1951__CH_FDP|PRD_NT;Radikal-demokratische Fraktion (R) im Nationalrat;CH_FDP|PRD_NT;CH_NT-NR_1951;51;03dec1951;04dec1955
CH_NT-NR_1955__CH_FDP|PRD_NT;Radikal-demokratische Fraktion (R) im Nationalrat;CH_FDP|PRD_NT;CH_NT-NR_1955;50;05dec1955;06dec1959
CH_NT-NR_1959__CH_FDP|PRD_NT;Radikal-demokratische Fraktion (R) im Nationalrat;CH_FDP|PRD_NT;CH_NT-NR_1959;51;07dec1959;01dec1963
CH_NT-NR_1963__CH_FDP|PRD_NT;Radikal-demokratische Fraktion (R) im Nationalrat;CH_FDP|PRD_NT;CH_NT-NR_1963;51;02dec1963;03dec1967
CH_NT-NR_1967__CH_FDP|PRD_NT;Radikal-demokratische Fraktion (R) im Nationalrat;CH_FDP|PRD_NT;CH_NT-NR_1967;49;04dec1967;28nov1971
CH_NT-NR_1971__CH_FDP|PRD_NT;Radikal-demokratische Fraktion (R) im Nationalrat;CH_FDP|PRD_NT;CH_NT-NR_1971;49;29nov1971;30nov1975
CH_NT-NR_1975__CH_FDP|PRD_NT;Freisinnig-demokratische Fraktion (R) im Nationalrat;CH_FDP|PRD_NT;CH_NT-NR_1975;47;01dec1975;25nov1979
CH_NT-NR_1979__CH_FDP|PRD_NT;Freisinnig-demokratische Fraktion (R) im Nationalrat;CH_FDP|PRD_NT;CH_NT-NR_1979;51;26nov1979;27nov1983
CH_NT-NR_1983__CH_FDP|PRD_NT;Freisinnig-demokratische Fraktion (R) im Nationalrat;CH_FDP|PRD_NT;CH_NT-NR_1983;54;28nov1983;29nov1987
CH_NT-NR_1987__CH_FDP|PRD_NT;Freisinnig-demokratische Fraktion (R) im Nationalrat;CH_FDP|PRD_NT;CH_NT-NR_1987;51;30nov1987;24nov1991
CH_NT-NR_1991__CH_FDP|PRD_NT;Freisinnig-demokratische Fraktion (R) im Nationalrat;CH_FDP|PRD_NT;CH_NT-NR_1991;44;25nov1991;03dec1995
CH_NT-NR_1995__CH_FDP|PRD_NT__1;Freisinnig-demokratische Fraktion (R) im Nationalrat;CH_FDP|PRD_NT;CH_NT-NR_1995;45;04dec1995;01jan1997
CH_NT-NR_1995__CH_FDP|PRD_NT__2;Freisinnig-demokratische Fraktion (R) im Nationalrat;CH_FDP|PRD_NT;CH_NT-NR_1995;44;01jan1997;05dec1999
CH_NT-NR_1999__CH_FDP|PRD_NT__1;Freisinnig-demokratische Fraktion (R) im Nationalrat;CH_FDP|PRD_NT;CH_NT-NR_1999;43;06dec1999;01jan2002
CH_NT-NR_1999__CH_FDP|PRD_NT__2;Freisinnig-demokratische Fraktion (R) im Nationalrat;CH_FDP|PRD_NT;CH_NT-NR_1999;42;01jan2002;01dec2003
CH_NT-NR_2003__CH_FDP|PRD_NT--CH_LPS_NT;Fraktion FDPLiberale (RL) im Nationalrat;"CH_FDP|PRD_NT;CH_LPS_NT";CH_NT-NR_2003;40;02dec2003;02dec2007
CH_NT-NR_2007__CH_FDP|PRD_NT--CH_LPS_NT;Fraktion FDPLiberale (RL) im Nationalrat;"CH_FDP|PRD_NT;CH_LPS_NT";CH_NT-NR_2007;35;03dec2007;31dec2008
CH_NT-NR_2007__CH_FDPLib_NT;Fraktion FDPLiberale (RL) im Nationalrat;CH_FDPLib_NT;CH_NT-NR_2007;35;01jan2009;05dec2011
CH_NT-NR_2011__CH_FDPLib_NT;Fraktion FDPLiberale (RL) im Nationalrat;CH_FDPLib_NT;CH_NT-NR_2011;30;05dec2011;29nov2015
CH_NT-NR_2015__CH_FDPLib_NT;Fraktion FDPLiberale (RL) im Nationalrat;CH_FDPLib_NT;CH_NT-NR_2015;33;30nov2015;01jan2017
CH_NT-SR_1947__CH_FDP|PRD_NT;Radikal-demokratische Fraktion (R) im Ständerat;CH_FDP|PRD_NT;CH_NT-SR_1947;11;01jul1948;02dec1951
CH_NT-SR_1951__CH_FDP|PRD_NT;Radikal-demokratische Fraktion (R) im Ständerat;CH_FDP|PRD_NT;CH_NT-SR_1951;12;03dec1951;04dec1955
CH_NT-SR_1955__CH_FDP|PRD_NT;Radikal-demokratische Fraktion (R) im Ständerat;CH_FDP|PRD_NT;CH_NT-SR_1955;12;05dec1955;06dec1959
CH_NT-SR_1959__CH_FDP|PRD_NT;Radikal-demokratische Fraktion (R) im Ständerat;CH_FDP|PRD_NT;CH_NT-SR_1959;14;07dec1959;01dec1963
CH_NT-SR_1963__CH_FDP|PRD_NT;Radikal-demokratische Fraktion (R) im Ständerat;CH_FDP|PRD_NT;CH_NT-SR_1963;13;02dec1963;03dec1967
CH_NT-SR_1967__CH_FDP|PRD_NT__1;Radikal-demokratische Fraktion (R) im Ständerat;CH_FDP|PRD_NT;CH_NT-SR_1967;14;04dec1967;01jan1969
CH_NT-SR_1967__CH_FDP|PRD_NT__2;Radikal-demokratische Fraktion (R) im Ständerat;CH_FDP|PRD_NT;CH_NT-SR_1967;15;01jan1969;01jan1971
CH_NT-SR_1967__CH_FDP|PRD_NT__3;Radikal-demokratische Fraktion (R) im Ständerat;CH_FDP|PRD_NT;CH_NT-SR_1967;16;01jan1971;28nov1971
CH_NT-SR_1971__CH_FDP|PRD_NT;Radikal-demokratische Fraktion (R) im Ständerat;CH_FDP|PRD_NT;CH_NT-SR_1971;15;29nov1971;30nov1975
CH_NT-SR_1975__CH_FDP|PRD_NT__1;Freisinnig-demokratische Fraktion (R) im Ständerat;CH_FDP|PRD_NT;CH_NT-SR_1975;15;01dec1975;01jan1978
CH_NT-SR_1975__CH_FDP|PRD_NT__2;Freisinnig-demokratische Fraktion (R) im Ständerat;CH_FDP|PRD_NT;CH_NT-SR_1975;14;01jan1978;25nov1979
CH_NT-SR_1979__CH_FDP|PRD_NT;Freisinnig-demokratische Fraktion (R) im Ständerat;CH_FDP|PRD_NT;CH_NT-SR_1979;11;26nov1979;27nov1983
CH_NT-SR_1983__CH_FDP|PRD_NT;Freisinnig-demokratische Fraktion (R) im Ständerat;CH_FDP|PRD_NT;CH_NT-SR_1983;14;28nov1983;29nov1987
CH_NT-SR_1987__CH_FDP|PRD_NT;Freisinnig-demokratische Fraktion (R) im Ständerat;CH_FDP|PRD_NT;CH_NT-SR_1987;14;30nov1987;24nov1991
CH_NT-SR_1991__CH_FDP|PRD_NT;Freisinnig-demokratische Fraktion (R) im Ständerat;CH_FDP|PRD_NT;CH_NT-SR_1991;18;25nov1991;03dec1995
CH_NT-SR_1995__CH_FDP|PRD_NT;Freisinnig-demokratische Fraktion (R) im Ständerat;CH_FDP|PRD_NT;CH_NT-SR_1995;17;04dec1995;05dec1999
CH_NT-SR_1999__CH_FDP|PRD_NT;Freisinnig-demokratische Fraktion (R) im Ständerat;CH_FDP|PRD_NT;CH_NT-SR_1999;18;06dec1999;01dec2003
CH_NT-SR_2007__CH_FDPLib_NT;Fraktion FDPLiberale (RL) im Ständerat;CH_FDPLib_NT;CH_NT-SR_2007;12;01jan2009;05dec2011
CH_NT-SR_2011__CH_FDPLib_NT;Fraktion FDPLiberale (RL) im Ständerat;CH_FDPLib_NT;CH_NT-SR_2011;11;05dec2011;29nov2015
CH_NT-SR_2015__CH_FDPLib_NT;Fraktion FDPLiberale (RL) im Ständerat;CH_FDPLib_NT;CH_NT-SR_2015;13;30nov2015;01jan2017
CH_NT-SR_2003__CH_FDP|PRD_NT--CH_LPS_NT;Fraktion FDPLiberale (RL) im Ständerat;"CH_FDP|PRD_NT;CH_LPS_NT";CH_NT-SR_2003;14;02dec2003;02dec2007
CH_NT-SR_2007__CH_FDP|PRD_NT--CH_LPS_NT;Fraktion FDPLiberale (RL) im Ständerat;"CH_FDP|PRD_NT;CH_LPS_NT";CH_NT-SR_2007;12;03dec2007;31dec2008
NL_NT-TK_1977__NL_CDA_NT;CDA;NL_CDA_NT;NL_NT-TK_1977;49;09jun1977;10jun1981
DE_NT-BT_1998__DE_SPD_NT;SPD;DE_SPD_NT;DE_NT-BT_1998;298;26oct1998;17oct2002
DE_NT-BT_1998__DE_CDU_NT;CDU;DE_CDU_NT;DE_NT-BT_1998;198;26oct1998;17oct2002
DE_NT-BT_1998__DE_B90|Gru_NT;B90|Gru;DE_B90|Gru_NT;DE_NT-BT_1998;47;26oct1998;17oct2002
DE_NT-BT_1998__DE_CSU_NT;CSU;DE_CSU_NT;DE_NT-BT_1998;47;26oct1998;17oct2002
DE_NT-BT_1998__DE_FDP_NT;FDP;DE_FDP_NT;DE_NT-BT_1998;43;26oct1998;17oct2002
DE_NT-BT_1998__DE_Li|PDS_NT;Li|PDS;DE_Li|PDS_NT;DE_NT-BT_1998;36;26oct1998;17oct2002
DE_NT-BT_2002__DE_SPD_NT;SPD;DE_SPD_NT;DE_NT-BT_2002;251;17oct2002;18oct2005
DE_NT-BT_2002__DE_CDU_NT;CDU;DE_CDU_NT;DE_NT-BT_2002;190;17oct2002;18oct2005
DE_NT-BT_2002__DE_B90|Gru_NT;B90|Gru;DE_B90|Gru_NT;DE_NT-BT_2002;55;17oct2002;18oct2005
DE_NT-BT_2002__DE_CSU_NT;CSU;DE_CSU_NT;DE_NT-BT_2002;58;17oct2002;18oct2005
DE_NT-BT_2002__DE_FDP_NT;FDP;DE_FDP_NT;DE_NT-BT_2002;47;17oct2002;18oct2005
DE_NT-BT_2002__DE_Li|PDS_NT;Li|PDS;DE_Li|PDS_NT;DE_NT-BT_2002;2;17oct2002;18oct2005
DE_NT-BT_2005__DE_SPD_NT;SPD;DE_SPD_NT;DE_NT-BT_2005;222;18oct2005;27oct2009
DE_NT-BT_2005__DE_CDU_NT;CDU;DE_CDU_NT;DE_NT-BT_2005;180;18oct2005;27oct2009
DE_NT-BT_2005__DE_B90|Gru_NT;B90|Gru;DE_B90|Gru_NT;DE_NT-BT_2005;51;18oct2005;27oct2009
DE_NT-BT_2005__DE_CSU_NT;CSU;DE_CSU_NT;DE_NT-BT_2005;46;18oct2005;27oct2009
DE_NT-BT_2005__DE_FDP_NT;FDP;DE_FDP_NT;DE_NT-BT_2005;61;18oct2005;27oct2009
DE_NT-BT_2005__DE_Li|PDS_NT;Li|PDS;DE_Li|PDS_NT;DE_NT-BT_2005;54;18oct2005;27oct2009
DE_NT-BT_2009__DE_SPD_NT;SPD;DE_SPD_NT;DE_NT-BT_2009;146;27oct2009;22oct2013
DE_NT-BT_2009__DE_CDU_NT;CDU;DE_CDU_NT;DE_NT-BT_2009;194;27oct2009;22oct2013
DE_NT-BT_2009__DE_B90|Gru_NT;B90|Gru;DE_B90|Gru_NT;DE_NT-BT_2009;68;27oct2009;22oct2013
DE_NT-BT_2009__DE_CSU_NT;CSU;DE_CSU_NT;DE_NT-BT_2009;45;27oct2009;22oct2013
DE_NT-BT_2009__DE_FDP_NT;FDP;DE_FDP_NT;DE_NT-BT_2009;93;27oct2009;22oct2013
DE_NT-BT_2009__DE_Li|PDS_NT;Li|PDS;DE_Li|PDS_NT;DE_NT-BT_2009;76;27oct2009;22oct2013
DE_NT-BT_2013__DE_SPD_NT;SPD;DE_SPD_NT;DE_NT-BT_2013;193;22oct2013;24oct2017
DE_NT-BT_2013__DE_CDU_NT;CDU;DE_CDU_NT;DE_NT-BT_2013;255;22oct2013;24oct2017
DE_NT-BT_2013__DE_B90|Gru_NT;B90|Gru;DE_B90|Gru_NT;DE_NT-BT_2013;63;22oct2013;24oct2017
DE_NT-BT_2013__DE_CSU_NT;CSU;DE_CSU_NT;DE_NT-BT_2013;56;22oct2013;24oct2017
DE_NT-BT_2013__DE_Li|PDS_NT;Li|PDS;DE_Li|PDS_NT;DE_NT-BT_2013;64;22oct2013;24oct2017
DE_NT-BT_1998__DE_CDU_NT-DE_CSU_NT;CDU+CSU;"DE_CDU_NT;DE_CSU_NT";DE_NT-BT_1998;245;26oct1998;17oct2002
DE_NT-BT_2002__DE_CDU_NT-DE_CSU_NT;CDU+CSU;"DE_CDU_NT;DE_CSU_NT";DE_NT-BT_2002;248;17oct2002;18oct2005
DE_NT-BT_2005__DE_CDU_NT-DE_CSU_NT;CDU+CSU;"DE_CDU_NT;DE_CSU_NT";DE_NT-BT_2005;226;18oct2005;27oct2009
DE_NT-BT_2009__DE_CDU_NT-DE_CSU_NT;CDU+CSU;"DE_CDU_NT;DE_CSU_NT";DE_NT-BT_2009;239;27oct2009;22oct2013
DE_NT-BT_2013__DE_CDU_NT-DE_CSU_NT;CDU+CSU;"DE_CDU_NT;DE_CSU_NT";DE_NT-BT_2013;311;22oct2013;24oct2017
DE_NT-BT_1949__DE_CDU_NT--DE_CSU_NT;CDU+CSU;"DE_CDU_NT;DE_CSU_NT";DE_NT-BT_1949;139;07nov1949;06oct1953
DE_NT-BT_1949__DE_SPD_NT;SPD;DE_SPD_NT;DE_NT-BT_1949;131;07nov1949;06oct1953
DE_NT-BT_1949__DE_CDU_NT;CDU;DE_CDU_NT;DE_NT-BT_1949;115;07nov1949;06oct1953
DE_NT-BT_1949__DE_CSU_NT;CSU;DE_CSU_NT;DE_NT-BT_1949;24;07nov1949;06oct1953
DE_NT-BT_1949__DE_KPD_NT;KPD;DE_KPD_NT;DE_NT-BT_1949;15;07nov1949;06oct1953
DE_NT-BT_1949__DE_DZ_NT;DZ;DE_DZ_NT;DE_NT-BT_1949;10;07nov1949;06oct1953
DE_NT-BT_1949__DE_BP_NT;BP;DE_BP_NT;DE_NT-BT_1949;17;07nov1949;06oct1953
DE_NT-BT_1949__DE_FDP_NT;FDP;DE_FDP_NT;DE_NT-BT_1949;52;07nov1949;06oct1953
DE_NT-BT_1949__DE_DP_NT;DP;DE_DP_NT;DE_NT-BT_1949;17;07nov1949;06oct1953
DE_NT-BT_1949__DE_WAV_NT;WAV;DE_WAV_NT;DE_NT-BT_1949;12;07nov1949;06oct1953
DE_NT-BT_1949__DE_DRP_NT;DRP;DE_DRP_NT;DE_NT-BT_1949;5;07nov1949;06oct1953
DE_NT-BT_1949__DE_none_NT;ohne Fraktionszugehörigkeit im Bundestag;DE_none_NT;DE_NT-BT_1949;4;07nov1949;06oct1953
DE_NT-BT_1953__DE_CDU_NT--DE_CSU_NT;CDU+CSU;"DE_CDU_NT;DE_CSU_NT";DE_NT-BT_1953;249;06oct1953;15oct1957
DE_NT-BT_1953__DE_SPD_NT;SPD;DE_SPD_NT;DE_NT-BT_1953;162;06oct1953;15oct1957
DE_NT-BT_1953__DE_CDU_NT;CDU;DE_CDU_NT;DE_NT-BT_1953;197;06oct1953;15oct1957
DE_NT-BT_1953__DE_DP_NT;DP;DE_DP_NT;DE_NT-BT_1953;15;06oct1953;15oct1957
DE_NT-BT_1953__DE_DZP_NT;DZP;DE_DZP_NT;DE_NT-BT_1953;3;06oct1953;15oct1957
DE_NT-BT_1953__DE_CSU_NT;CSU;DE_CSU_NT;DE_NT-BT_1953;52;06oct1953;15oct1957
DE_NT-BT_1953__DE_FDP_NT;FDP;DE_FDP_NT;DE_NT-BT_1953;53;06oct1953;15oct1957
DE_NT-BT_1957__DE_CDU_NT--DE_CSU_NT;CDU+CSU;"DE_CDU_NT;DE_CSU_NT";DE_NT-BT_1957;277;15oct1957;17oct1961
DE_NT-BT_1957__DE_SPD_NT;SPD;DE_SPD_NT;DE_NT-BT_1957;181;15oct1957;17oct1961
DE_NT-BT_1957__DE_CDU_NT;CDU;DE_CDU_NT;DE_NT-BT_1957;222;15oct1957;17oct1961
DE_NT-BT_1957__DE_DP_NT;DP;DE_DP_NT;DE_NT-BT_1957;17;15oct1957;17oct1961
DE_NT-BT_1957__DE_none_NT;ohne Fraktionszugehörigkeit im Bundestag;DE_none_NT;DE_NT-BT_1957;1;15oct1957;17oct1961
DE_NT-BT_1957__DE_CSU_NT;CSU;DE_CSU_NT;DE_NT-BT_1957;55;15oct1957;17oct1961
DE_NT-BT_1957__DE_FDP_NT;FDP;DE_FDP_NT;DE_NT-BT_1957;43;15oct1957;17oct1961
DE_NT-BT_1961__DE_CDU_NT--DE_CSU_NT;CDU+CSU;"DE_CDU_NT;DE_CSU_NT";DE_NT-BT_1961;251;17oct1961;19oct1965
DE_NT-BT_1961__DE_SPD_NT;SPD;DE_SPD_NT;DE_NT-BT_1961;203;17oct1961;19oct1965
DE_NT-BT_1961__DE_CDU_NT;CDU;DE_CDU_NT;DE_NT-BT_1961;201;17oct1961;19oct1965
DE_NT-BT_1961__DE_CSU_NT;CSU;DE_CSU_NT;DE_NT-BT_1961;50;17oct1961;19oct1965
DE_NT-BT_1961__DE_FDP_NT;FDP;DE_FDP_NT;DE_NT-BT_1961;67;17oct1961;19oct1965
DE_NT-BT_1965__DE_CDU_NT--DE_CSU_NT;CDU+CSU;"DE_CDU_NT;DE_CSU_NT";DE_NT-BT_1965;251;19oct1965;20oct1969
DE_NT-BT_1965__DE_SPD_NT;SPD;DE_SPD_NT;DE_NT-BT_1965;217;19oct1965;20oct1969
DE_NT-BT_1965__DE_CDU_NT;CDU;DE_CDU_NT;DE_NT-BT_1965;202;19oct1965;20oct1969
DE_NT-BT_1965__DE_CSU_NT;CSU;DE_CSU_NT;DE_NT-BT_1965;49;19oct1965;20oct1969
DE_NT-BT_1965__DE_FDP_NT;FDP;DE_FDP_NT;DE_NT-BT_1965;50;19oct1965;20oct1969
DE_NT-BT_1969__DE_CDU_NT--DE_CSU_NT;CDU+CSU;"DE_CDU_NT;DE_CSU_NT";DE_NT-BT_1969;250;20oct1969;13dec1969
DE_NT-BT_1969__DE_SPD_NT;SPD;DE_SPD_NT;DE_NT-BT_1969;237;20oct1969;13dec1969
DE_NT-BT_1969__DE_CDU_NT;CDU;DE_CDU_NT;DE_NT-BT_1969;201;20oct1969;13dec1969
DE_NT-BT_1969__DE_CSU_NT;CSU;DE_CSU_NT;DE_NT-BT_1969;49;20oct1969;13dec1969
DE_NT-BT_1969__DE_FDP_NT;FDP;DE_FDP_NT;DE_NT-BT_1969;31;20oct1969;13dec1969
DE_NT-BT_1972__DE_CDU_NT--DE_CSU_NT;CDU+CSU;"DE_CDU_NT;DE_CSU_NT";DE_NT-BT_1972;234;13dec1972;14dec1976
DE_NT-BT_1972__DE_SPD_NT;SPD;DE_SPD_NT;DE_NT-BT_1972;242;13dec1972;14dec1976
DE_NT-BT_1972__DE_CDU_NT;CDU;DE_CDU_NT;DE_NT-BT_1972;186;13dec1972;14dec1976
DE_NT-BT_1972__DE_CSU_NT;CSU;DE_CSU_NT;DE_NT-BT_1972;48;13dec1972;14dec1976
DE_NT-BT_1972__DE_FDP_NT;FDP;DE_FDP_NT;DE_NT-BT_1972;42;13dec1972;14dec1976
DE_NT-BT_1976__DE_CDU_NT--DE_CSU_NT;CDU+CSU;"DE_CDU_NT;DE_CSU_NT";DE_NT-BT_1976;254;14dec1976;04nov1980
DE_NT-BT_1976__DE_SPD_NT;SPD;DE_SPD_NT;DE_NT-BT_1976;224;14dec1976;04nov1980
DE_NT-BT_1976__DE_CDU_NT;CDU;DE_CDU_NT;DE_NT-BT_1976;201;14dec1976;04nov1980
DE_NT-BT_1976__DE_CSU_NT;CSU;DE_CSU_NT;DE_NT-BT_1976;53;14dec1976;04nov1980
DE_NT-BT_1976__DE_FDP_NT;FDP;DE_FDP_NT;DE_NT-BT_1976;40;14dec1976;04nov1980
DE_NT-BT_1980__DE_CDU_NT--DE_CSU_NT;CDU+CSU;"DE_CDU_NT;DE_CSU_NT";DE_NT-BT_1980;237;04nov1980;29mar1983
DE_NT-BT_1980__DE_SPD_NT;SPD;DE_SPD_NT;DE_NT-BT_1980;228;04nov1980;29mar1983
DE_NT-BT_1980__DE_CDU_NT;CDU;DE_CDU_NT;DE_NT-BT_1980;185;04nov1980;29mar1983
DE_NT-BT_1980__DE_CSU_NT;CSU;DE_CSU_NT;DE_NT-BT_1980;52;04nov1980;29mar1983
DE_NT-BT_1980__DE_FDP_NT;FDP;DE_FDP_NT;DE_NT-BT_1980;54;04nov1980;29mar1983
DE_NT-BT_1983__DE_CDU_NT--DE_CSU_NT;CDU+CSU;"DE_CDU_NT;DE_CSU_NT";DE_NT-BT_1983;255;29mar1983;18feb1987
DE_NT-BT_1983__DE_SPD_NT;SPD;DE_SPD_NT;DE_NT-BT_1983;202;29mar1983;18feb1987
DE_NT-BT_1983__DE_CDU_NT;CDU;DE_CDU_NT;DE_NT-BT_1983;202;29mar1983;18feb1987
DE_NT-BT_1983__DE_B90|Gru_NT;B90|Gru;DE_B90|Gru_NT;DE_NT-BT_1983;28;29mar1983;18feb1987
DE_NT-BT_1983__DE_CSU_NT;CSU;DE_CSU_NT;DE_NT-BT_1983;53;29mar1983;18feb1987
DE_NT-BT_1983__DE_FDP_NT;FDP;DE_FDP_NT;DE_NT-BT_1983;35;29mar1983;18feb1987
DE_NT-BT_1987__DE_CDU_NT--DE_CSU_NT;CDU+CSU;"DE_CDU_NT;DE_CSU_NT";DE_NT-BT_1987;234;18feb1987;20dec1990
DE_NT-BT_1987__DE_SPD_NT;SPD;DE_SPD_NT;DE_NT-BT_1987;193;18feb1987;20dec1990
DE_NT-BT_1987__DE_CDU_NT;CDU;DE_CDU_NT;DE_NT-BT_1987;185;18feb1987;20dec1990
DE_NT-BT_1987__DE_B90|Gru_NT;B90|Gru;DE_B90|Gru_NT;DE_NT-BT_1987;44;18feb1987;20dec1990
DE_NT-BT_1987__DE_CSU_NT;CSU;DE_CSU_NT;DE_NT-BT_1987;49;18feb1987;20dec1990
DE_NT-BT_1987__DE_FDP_NT;FDP;DE_FDP_NT;DE_NT-BT_1987;48;18feb1987;20dec1990
DE_NT-BT_1990__DE_CDU_NT--DE_CSU_NT;CDU+CSU;"DE_CDU_NT;DE_CSU_NT";DE_NT-BT_1990;319;20dec1990;10nov1994
DE_NT-BT_1990__DE_SPD_NT;SPD;DE_SPD_NT;DE_NT-BT_1990;239;20dec1990;10nov1994
DE_NT-BT_1990__DE_CDU_NT;CDU;DE_CDU_NT;DE_NT-BT_1990;268;20dec1990;10nov1994
DE_NT-BT_1990__DE_B90|Gru_NT;B90|Gru;DE_B90|Gru_NT;DE_NT-BT_1990;8;20dec1990;10nov1994
DE_NT-BT_1990__DE_CSU_NT;CSU;DE_CSU_NT;DE_NT-BT_1990;51;20dec1990;10nov1994
DE_NT-BT_1990__DE_FDP_NT;FDP;DE_FDP_NT;DE_NT-BT_1990;79;20dec1990;10nov1994
DE_NT-BT_1990__DE_Li|PDS_NT;Li|PDS;DE_Li|PDS_NT;DE_NT-BT_1990;17;20dec1990;10nov1994
DE_NT-BT_1994__DE_CDU_NT--DE_CSU_NT;CDU+CSU;"DE_CDU_NT;DE_CSU_NT";DE_NT-BT_1994;294;10nov1994;26oct1998
DE_NT-BT_1994__DE_SPD_NT;SPD;DE_SPD_NT;DE_NT-BT_1994;252;10nov1994;26oct1998
DE_NT-BT_1994__DE_CDU_NT;CDU;DE_CDU_NT;DE_NT-BT_1994;244;10nov1994;26oct1998
DE_NT-BT_1994__DE_B90|Gru_NT;B90|Gru;DE_B90|Gru_NT;DE_NT-BT_1994;49;10nov1994;26oct1998
DE_NT-BT_1994__DE_CSU_NT;CSU;DE_CSU_NT;DE_NT-BT_1994;50;10nov1994;26oct1998
DE_NT-BT_1994__DE_FDP_NT;FDP;DE_FDP_NT;DE_NT-BT_1994;47;10nov1994;26oct1998
DE_NT-BT_1994__DE_Li|PDS_NT;Li|PDS;DE_Li|PDS_NT;DE_NT-BT_1994;30;10nov1994;26oct1998
DE_NT-BT_1998__DE_CDU_NT--DE_CSU_NT;CDU+CSU;"DE_CDU_NT;DE_CSU_NT";DE_NT-BT_1998;245;26oct1998;17oct2002
DE_NT-BT_2002__DE_CDU_NT--DE_CSU_NT;CDU+CSU;"DE_CDU_NT;DE_CSU_NT";DE_NT-BT_2002;248;17oct2002;18oct2005
DE_NT-BT_2005__DE_CDU_NT--DE_CSU_NT;CDU+CSU;"DE_CDU_NT;DE_CSU_NT";DE_NT-BT_2005;226;18oct2005;27oct2009
DE_NT-BT_2009__DE_CDU_NT--DE_CSU_NT;CDU+CSU;"DE_CDU_NT;DE_CSU_NT";DE_NT-BT_2009;239;27oct2009;22oct2013
DE_NT-BT_2013__DE_CDU_NT--DE_CSU_NT;CDU+CSU;"DE_CDU_NT;DE_CSU_NT";DE_NT-BT_2013;311;22oct2013;24oct2017
DE_NT-BT_2017__DE_CDU_NT--DE_CSU_NT;CDU+CSU;"DE_CDU_NT;DE_CSU_NT";DE_NT-BT_2017;246;24oct2017;31dec2100
DE_NT-BT_2017__DE_SPD_NT;SPD;DE_SPD_NT;DE_NT-BT_2017;153;24oct2017;31dec2100
DE_NT-BT_2017__DE_CDU_NT;CDU;DE_CDU_NT;DE_NT-BT_2017;200;24oct2017;31dec2100
DE_NT-BT_2017__DE_B90|Gru_NT;B90|Gru;DE_B90|Gru_NT;DE_NT-BT_2017;67;24oct2017;31dec2100
DE_NT-BT_2017__DE_CSU_NT;CSU;DE_CSU_NT;DE_NT-BT_2017;46;24oct2017;31dec2100
DE_NT-BT_2017__DE_Li|PDS_NT;Li|PDS;DE_Li|PDS_NT;DE_NT-BT_2017;69;24oct2017;31dec2100
DE_NT-BT_2017__DE_FDP_NT;FDP;DE_FDP_NT;DE_NT-BT_2017;80;24oct2017;31dec2100
DE_NT-BT_2017__DE_AfD_NT;AfD;DE_AfD_NT;DE_NT-BT_2017;92;24oct2017;31dec2100
DE_NT-BT_1953__DE_BHE_NT;BHE;DE_BHE_NT;DE_NT-BT_1953;27;06oct1953;15oct1956
